zip,group
1,1
2,3
7,2
8,2
10,3
11,4
12,3
13,4
14,2
15,2
16,4
17,3
18,3
19,3
20,3
21,1
22,2
24,2
25,3
26,2
27,3
28,1
29,2
30,1
31,2
32,1
33,2
34,2
36,1
38,1
39,2
40,1
42,3
44,1
45,1
47,1
48,1
52,2
55,4
56,1
58,2
60,2
61,1
64,1
70,2
72,3
75,3
79,2
89,1
90,1
95,3
100,1
104,1
106,4
110,2
115,1
116,1
125,2
127,1
128,2
136,1
137,1
139,1
142,1
144,1
145,2
146,1
148,3
154,1
158,3
166,1
172,1
185,1
187,2
198,2
200,2
213,1
219,1
222,2
224,1
255,1
279,1
301,2
307,1
312,2
321,1
330,1
338,2
349,1
382,2
402,1
406,2
412,1
415,1
418,1
423,2
429,2
431,1
445,2
452,1
501,4
505,1
511,1
514,1
518,2
521,1
522,3
523,2
524,4
529,3
532,1
539,2
543,1
556,1
566,1
572,1
601,1
606,2
613,2
614,1
616,1
617,3
624,2
627,2
636,1
647,2
666,1
678,1
721,2
733,1
736,1
737,1
745,1
785,2
802,1
805,1
823,1
831,1
863,1
867,1
870,2
880,1
883,2
893,1
903,2
907,1
909,1
911,1
918,2
919,1
923,1
927,1
948,1
952,3
953,1
966,1
969,2
970,1
1000,1
1001,3
1002,3
1006,1
1009,2
1016,1
1027,4
1028,1
1030,1
1050,2
1056,1
1057,1
1062,3
1090,1
1098,1
1100,2
1106,3
1108,1
1114,2
1145,1
1200,1
1202,1
1204,1
1217,1
1220,1
1223,1
1230,2
1240,1
1245,2
1266,2
1267,4
1321,1
1331,1
1341,1
1376,2
1405,1
1460,3
1462,1
1484,2
1510,1
1532,3
1545,2
1581,2
1590,1
1602,1
1653,1
1701,3
1702,2
1719,4
1720,3
1730,4
1731,1
1733,1
1741,2
1742,1
1749,1
1752,3
1757,1
1760,1
1776,3
1778,3
1801,4
1803,4
1810,3
1821,2
1824,2
1835,2
1840,1
1845,3
1852,1
1855,2
1864,2
1867,1
1876,3
1880,3
1887,2
1900,3
1906,1
1907,3
1915,2
1923,2
1930,2
1938,2
1944,2
1945,4
1946,1
1949,1
1950,2
1960,2
1970,2
2000,4
2004,1
2005,3
2007,1
2008,3
2016,1
2019,2
2021,4
2025,2
2028,1
2030,2
2035,1
2043,4
2048,1
2050,2
2053,1
2059,2
2060,2
2061,1
2066,2
2067,3
2075,1
2087,3
2090,3
2108,4
2109,4
2110,4
2111,4
2112,1
2113,3
2114,4
2115,3
2116,4
2117,1
2118,4
2119,3
2120,3
2121,3
2124,2
2125,4
2127,4
2129,3
2130,4
2131,4
2132,3
2134,2
2135,4
2136,2
2138,4
2139,4
2140,4
2141,1
2142,4
2143,3
2144,4
2145,3
2148,3
2149,2
2151,2
2152,2
2155,2
2157,1
2159,1
2163,1
2164,3
2167,1
2169,3
2170,2
2176,1
2185,1
2186,1
2191,1
2199,2
2200,1
2201,2
2204,2
2210,4
2211,1
2215,4
2238,1
2324,2
2331,3
2338,1
2346,2
2360,2
2370,4
2404,1
2420,3
2421,3
2445,3
2446,4
2451,4
2452,3
2453,2
2458,4
2459,4
2460,3
2461,2
2462,3
2464,2
2465,2
2466,3
2467,4
2472,3
2474,3
2476,3
2478,3
2481,3
2482,3
2492,3
2493,4
2494,4
2509,2
2522,1
2536,1
2539,4
2540,1
2554,2
2563,1
2568,2
2631,1
2635,1
2639,1
2653,2
2666,1
2675,1
2703,2
2724,1
2748,1
2760,1
2762,3
2763,1
2766,1
2771,2
2777,4
2780,1
2790,1
2806,4
2807,2
2809,4
2812,1
2815,2
2817,2
2818,4
2829,2
2830,2
2831,1
2832,2
2835,3
2838,1
2840,3
2852,4
2860,3
2861,1
2863,3
2864,1
2865,3
2871,3
2874,2
2879,4
2881,2
2882,4
2883,1
2885,4
2886,3
2888,3
2889,3
2891,3
2892,3
2893,2
2895,1
2896,1
2898,1
2903,4
2904,3
2905,3
2906,4
2907,2
2908,3
2909,2
2910,1
2911,3
2912,3
2916,2
2917,3
2920,4
2921,2
2982,2
3000,2
3016,1
3033,1
3038,2
3045,2
3049,1
3053,1
3055,3
3060,1
3062,1
3064,1
3079,1
3101,3
3104,1
3106,1
3212,3
3235,3
3242,1
3244,4
3254,4
3255,1
3257,3
3301,2
3302,1
3393,2
3400,2
3431,1
3460,1
3465,3
3502,1
3526,1
3561,1
3700,1
3725,2
3743,1
3750,1
3753,1
3755,3
3782,2
3801,2
3810,2
3820,3
3824,3
3825,2
3833,1
3836,4
3838,2
3841,1
3848,2
3862,2
3878,1
3885,1
3901,2
3903,1
3906,1
4005,2
4006,1
4014,2
4038,1
4068,2
4072,2
4074,2
4096,2
4101,4
4102,2
4103,2
4105,2
4106,4
4107,3
4110,1
4160,1
4210,3
4229,2
4240,3
4268,2
4282,1
4284,1
4289,2
4330,1
4342,1
4350,2
4400,2
4530,3
4730,1
4800,2
4853,1
4856,1
4860,1
4901,4
4939,1
4957,1
5001,3
5031,2
5032,3
5034,3
5053,3
5055,4
5058,4
5059,4
5065,2
5068,2
5071,4
5072,1
5073,1
5082,1
5088,3
5089,2
5091,4
5146,1
5148,2
5153,2
5159,3
5201,3
5250,4
5251,2
5254,4
5255,4
5257,4
5301,4
5302,1
5344,3
5345,4
5346,4
5350,1
5355,3
5356,1
5359,2
5401,4
5402,4
5403,4
5404,4
5405,4
5406,3
5408,3
5440,4
5443,4
5444,2
5445,2
5446,4
5448,3
5450,1
5452,4
5453,2
5454,3
5457,4
5458,1
5459,1
5461,3
5464,4
5465,4
5468,4
5470,3
5474,2
5477,4
5478,3
5482,4
5488,2
5489,4
5494,2
5495,3
5531,2
5540,1
5541,2
5600,1
5601,3
5602,4
5609,2
5641,4
5650,1
5655,3
5656,3
5658,3
5661,4
5663,1
5672,4
5673,2
5674,1
5675,3
5676,3
5677,3
5682,3
5701,2
5735,2
5738,4
5740,2
5743,1
5747,2
5753,4
5757,3
5761,3
5766,2
5819,3
5832,4
5841,2
5843,2
5862,1
5900,2
6001,3
6005,2
6010,1
6011,1
6026,4
6029,1
6032,3
6033,4
6035,2
6039,1
6052,3
6057,3
6062,1
6067,1
6068,2
6070,3
6074,1
6095,2
6100,1
6103,3
6106,3
6107,3
6108,1
6114,2
6115,2
6118,1
6119,1
6163,1
6237,1
6247,2
6269,3
6281,1
6320,2
6335,3
6355,4
6357,2
6359,1
6385,1
6403,1
6405,4
6410,2
6413,1
6416,1
6417,2
6418,1
6422,1
6423,2
6430,2
6437,3
6440,2
6443,3
6450,2
6457,3
6459,2
6460,3
6461,2
6468,2
6470,3
6471,2
6473,2
6477,2
6478,1
6482,3
6484,3
6485,1
6488,2
6489,2
6490,1
6492,3
6497,1
6498,1
6501,1
6504,1
6510,3
6511,4
6512,3
6513,3
6514,2
6515,1
6516,4
6517,4
6518,2
6519,3
6520,2
6524,1
6525,2
6600,1
6611,3
6612,2
6614,1
6615,1
6705,3
6706,2
6757,1
6762,1
6770,2
6776,1
6786,1
6790,3
6810,1
6811,3
6820,2
6824,3
6825,2
6830,4
6831,3
6840,2
6850,3
6851,4
6852,2
6853,1
6854,2
6855,2
6856,3
6863,1
6870,2
6877,4
6878,2
6880,4
6881,1
6883,3
6897,1
6901,1
6902,3
6905,3
6906,2
6907,1
7002,1
7003,4
7004,4
7005,3
7006,4
7008,1
7009,3
7010,3
7011,1
7012,3
7013,4
7014,3
7016,4
7017,3
7018,1
7020,2
7021,2
7022,1
7023,2
7024,4
7026,2
7027,4
7028,4
7029,2
7030,4
7031,1
7032,3
7033,4
7035,2
7036,4
7039,4
7040,4
7041,4
7042,4
7043,4
7044,4
7045,3
7046,3
7047,3
7050,1
7052,4
7054,4
7055,1
7058,3
7059,4
7060,4
7065,4
7066,4
7067,3
7068,4
7069,4
7070,2
7071,1
7072,1
7073,3
7074,2
7075,2
7076,4
7078,4
7079,4
7080,2
7081,4
7082,3
7083,4
7086,2
7087,2
7090,4
7091,3
7092,3
7093,3
7094,3
7095,3
7099,1
7102,4
7103,2
7104,2
7105,3
7108,1
7109,3
7110,3
7145,2
7201,1
7202,1
7203,3
7204,4
7205,3
7207,2
7208,3
7302,4
7304,2
7305,3
7306,4
7310,4
7311,3
7401,2
7403,2
7405,4
7410,3
7417,2
7419,3
7420,3
7423,3
7424,4
7430,3
7440,3
7442,2
7444,4
7446,1
7450,4
7451,3
7452,4
7456,2
7458,1
7460,1
7463,3
7465,2
7470,4
7480,2
7481,3
7495,1
7505,1
7508,3
7509,3
7512,4
7524,1
7601,4
7604,2
7607,2
7621,3
7626,2
7627,1
7628,3
7631,3
7632,2
7641,2
7642,2
7645,2
7649,3
7650,3
7652,4
7653,2
7656,1
7660,2
7661,2
7663,2
7666,3
7670,2
7675,3
7677,4
7701,4
7702,3
7704,3
7712,3
7719,4
7724,4
7726,3
7727,1
7728,4
7730,1
7731,2
7732,2
7733,3
7735,3
7738,2
7739,4
7740,2
7742,2
7746,2
7747,3
7748,3
7751,2
7753,3
7755,2
7756,3
7757,1
7758,1
7760,3
7762,3
7764,4
7772,1
7801,4
7803,2
7821,2
7825,2
7827,1
7828,4
7830,4
7834,3
7836,4
7838,2
7840,4
7842,2
7843,3
7847,3
7848,3
7850,3
7853,4
7856,4
7860,4
7865,2
7866,3
7869,4
7871,3
7874,3
7876,4
7882,4
7885,3
7901,4
7902,1
7920,4
7921,4
7922,4
7924,4
7926,2
7927,3
7928,4
7930,4
7931,3
7932,4
7933,3
7934,1
7936,4
7938,4
7940,4
7945,4
7946,3
7950,4
7960,4
7962,3
7974,4
7976,2
7977,1
7978,1
7980,1
7981,3
8002,4
8003,4
8004,2
8005,4
8007,3
8008,3
8009,1
8010,3
8012,3
8015,1
8016,4
8021,4
8022,4
8026,3
8028,3
8030,3
8031,2
8033,4
8034,4
8035,4
8036,1
8037,4
8043,4
8046,4
8048,2
8050,3
8051,4
8052,4
8053,4
8054,4
8055,4
8056,1
8057,4
8059,3
8060,4
8061,1
8062,3
8066,2
8068,2
8070,3
8071,3
8075,4
8077,4
8078,1
8079,1
8080,4
8081,3
8083,2
8084,2
8085,2
8086,2
8087,3
8088,3
8091,3
8093,3
8094,4
8096,4
8101,3
8102,4
8103,4
8106,3
8107,3
8108,4
8109,3
8110,3
8134,2
8136,1
8152,1
8200,1
8201,2
8203,4
8204,1
8210,2
8215,4
8221,3
8223,1
8225,4
8226,3
8230,1
8232,4
8234,4
8242,3
8243,1
8244,4
8247,1
8302,4
8330,1
8360,4
8361,1
8401,4
8402,3
8403,3
8406,4
8409,1
8501,3
8502,4
8505,3
8512,3
8514,2
8518,2
8520,2
8525,3
8527,2
8530,4
8533,1
8534,4
8535,1
8536,3
8540,4
8542,3
8543,1
8544,1
8550,3
8551,4
8553,2
8554,2
8558,4
8559,1
8605,2
8607,2
8608,4
8609,1
8618,4
8619,3
8625,3
8628,1
8638,2
8648,4
8650,2
8690,2
8691,3
8701,2
8720,2
8721,3
8724,4
8731,4
8734,1
8735,1
8736,4
8750,3
8753,4
8754,3
8755,3
8758,3
8759,2
8760,1
8769,1
8801,4
8802,4
8804,3
8805,2
8807,4
8809,4
8810,3
8812,3
8816,4
8817,3
8818,3
8820,4
8822,4
8824,2
8825,3
8826,3
8827,4
8830,4
8831,4
8833,4
8835,3
8836,4
8837,3
8840,4
8844,4
8848,3
8850,2
8851,2
8852,2
8853,2
8854,4
8857,2
8858,1
8859,2
8861,3
8865,4
8867,4
8869,3
8872,1
8873,4
8876,4
8879,2
8882,3
8886,4
8889,4
8901,4
8902,3
8903,3
8904,4
8994,2
9012,2
9202,1
9303,1
9304,2
9378,2
9411,2
9461,1
9512,4
9535,2
9538,1
9543,1
9620,1
9880,3
10001,4
10002,4
10003,4
10004,4
10005,4
10006,4
10007,4
10009,4
10010,4
10011,4
10012,4
10013,4
10014,4
10016,4
10017,4
10018,4
10019,4
10020,4
10021,4
10022,4
10023,4
10024,4
10025,4
10026,3
10027,4
10028,4
10029,3
10030,2
10031,4
10032,3
10033,4
10034,3
10035,3
10036,4
10038,4
10039,2
10040,3
10041,1
10048,1
10052,1
10055,1
10065,4
10069,3
10075,4
10101,1
10103,1
10104,3
10105,2
10107,2
10108,1
10109,1
10112,2
10114,4
10116,2
10118,4
10119,4
10121,3
10125,1
10128,4
10134,1
10135,2
10139,3
10151,1
10153,3
10154,3
10158,1
10165,3
10166,4
10167,4
10169,3
10171,3
10172,2
10174,1
10175,2
10178,1
10179,2
10185,1
10271,2
10280,2
10281,3
10301,2
10304,1
10305,2
10306,3
10307,1
10310,2
10312,2
10314,3
10330,1
10410,1
10437,1
10451,2
10454,1
10461,2
10462,2
10463,3
10467,2
10471,3
10504,4
10506,2
10507,2
10509,3
10510,3
10512,1
10514,4
10518,4
10519,2
10520,3
10522,4
10523,3
10524,2
10526,3
10527,1
10528,2
10533,4
10535,1
10536,4
10538,4
10541,3
10543,3
10547,1
10549,4
10550,2
10557,2
10559,2
10560,2
10562,3
10566,1
10567,2
10570,2
10573,2
10576,4
10577,1
10579,2
10580,4
10583,4
10589,2
10590,4
10591,3
10594,2
10598,3
10601,3
10603,3
10604,3
10605,3
10606,3
10671,2
10674,2
10701,3
10703,1
10704,2
10705,2
10706,3
10708,4
10710,2
10801,2
10803,1
10804,3
10852,3
10867,1
10901,3
10913,2
10916,2
10918,3
10920,2
10924,3
10930,3
10940,2
10950,3
10952,3
10954,2
10956,4
10960,2
10967,1
10977,3
10980,2
10983,4
10989,3
10990,1
10994,3
11005,1
11021,3
11022,2
11026,1
11030,3
11040,1
11050,3
11101,4
11102,2
11103,4
11104,3
11105,2
11106,4
11109,3
11201,4
11202,2
11204,3
11205,3
11206,3
11207,4
11208,1
11209,1
11210,3
11211,4
11212,3
11213,1
11214,3
11215,4
11216,4
11217,4
11218,4
11221,4
11222,4
11223,2
11224,3
11225,3
11226,4
11228,3
11229,2
11230,4
11231,4
11232,2
11233,3
11234,2
11235,3
11236,1
11237,3
11238,4
11249,2
11354,1
11355,1
11357,4
11363,3
11364,2
11366,1
11368,2
11370,3
11372,3
11373,2
11375,4
11377,3
11378,3
11385,4
11386,2
11391,1
11415,1
11421,2
11427,2
11429,1
11430,1
11433,1
11435,1
11439,1
11443,3
11451,4
11459,2
11501,3
11510,3
11520,1
11521,2
11530,3
11542,1
11545,1
11550,2
11554,2
11557,3
11559,2
11561,1
11563,2
11565,1
11568,3
11570,3
11572,2
11575,1
11577,2
11580,2
11590,1
11596,1
11615,3
11629,3
11694,4
11701,1
11702,1
11704,4
11706,1
11710,3
11714,1
11717,3
11721,1
11727,1
11733,4
11735,1
11740,1
11743,3
11746,3
11747,2
11758,1
11762,1
11767,1
11768,1
11772,3
11783,1
11787,1
11788,4
11790,2
11791,3
11793,1
11797,1
11801,1
11803,2
11804,1
11855,2
11930,4
11932,4
11934,1
11937,4
11944,4
11958,1
11963,4
11975,4
11976,3
12000,1
12019,1
12022,1
12029,3
12037,3
12054,2
12060,2
12065,4
12079,2
12090,2
12118,2
12123,2
12125,2
12137,1
12148,2
12159,2
12168,2
12173,1
12174,2
12180,1
12182,2
12183,1
12184,3
12188,2
12189,1
12196,1
12198,1
12203,2
12205,3
12207,2
12208,3
12210,1
12211,2
12248,1
12302,3
12304,2
12306,2
12308,3
12309,3
12342,4
12401,4
12402,3
12404,3
12409,4
12414,3
12419,2
12433,3
12440,3
12443,4
12446,3
12448,3
12449,3
12461,2
12464,2
12466,4
12467,3
12468,1
12469,1
12472,3
12477,4
12480,2
12481,3
12484,4
12487,4
12493,1
12494,2
12495,2
12498,4
12504,2
12508,2
12514,2
12516,1
12518,1
12522,2
12524,2
12525,3
12528,4
12533,3
12540,2
12545,3
12546,2
12550,1
12553,2
12561,4
12566,2
12567,2
12569,2
12570,3
12571,2
12572,4
12573,2
12580,2
12589,1
12590,3
12601,3
12603,3
12604,1
12622,2
12666,1
12719,1
12759,1
12800,1
12801,2
12831,1
12832,1
12865,1
12866,3
12901,1
12919,1
12941,1
12946,3
12979,1
12983,2
12986,1
12993,2
13021,1
13027,1
13057,1
13078,3
13081,1
13090,1
13120,1
13126,3
13148,2
13187,2
13200,1
13202,3
13210,2
13244,4
13323,3
13326,3
13338,2
13413,4
13414,1
13424,1
13433,1
13440,3
13473,1
13491,2
13494,1
13501,3
13502,4
13601,2
13619,3
13642,2
13646,1
13660,3
13676,1
13760,2
13820,3
13840,1
13902,1
13903,1
13905,3
14004,1
14052,4
14068,3
14094,2
14103,1
14120,4
14127,2
14202,4
14203,2
14214,1
14221,1
14226,1
14228,2
14240,3
14304,1
14346,2
14445,1
14450,1
14456,1
14459,1
14470,1
14502,2
14534,2
14580,2
14604,1
14610,1
14618,3
14620,3
14623,2
14625,2
14626,1
14650,1
14706,1
14722,3
14757,1
14800,1
14850,3
14851,1
14883,2
14886,1
15001,1
15005,1
15009,3
15017,1
15044,2
15055,3
15071,2
15084,1
15085,1
15090,3
15102,1
15104,1
15106,1
15108,2
15120,1
15122,1
15132,1
15143,2
15146,1
15201,3
15202,2
15203,4
15204,3
15205,2
15206,1
15207,2
15208,3
15210,2
15211,3
15212,4
15213,4
15214,2
15215,2
15217,3
15218,4
15219,3
15220,1
15221,2
15222,4
15224,3
15232,3
15233,2
15235,2
15236,3
15237,3
15238,3
15241,2
15275,3
15301,3
15317,4
15330,1
15342,1
15367,1
15437,2
15601,2
15632,3
15668,1
15801,4
15825,2
15853,4
15857,2
15904,1
15923,1
15963,1
16037,1
16046,3
16101,1
16121,1
16125,1
16127,2
16148,3
16201,3
16335,2
16421,2
16428,4
16438,4
16441,3
16444,3
16451,1
16501,4
16502,4
16504,3
16505,4
16506,3
16507,3
16508,3
16509,4
16510,4
16511,4
16515,2
16528,4
16601,2
16602,1
16664,1
16801,4
16802,3
16803,2
16841,1
16901,1
17003,1
17011,1
17018,2
17022,2
17033,3
17036,3
17042,1
17043,2
17044,1
17046,2
17050,2
17055,2
17057,4
17061,1
17065,1
17067,1
17078,3
17101,4
17102,4
17103,2
17104,1
17109,2
17110,3
17111,2
17112,3
17201,2
17238,1
17316,2
17325,1
17331,2
17339,1
17403,2
17406,3
17408,2
17502,1
17517,2
17543,2
17551,1
17557,1
17601,4
17603,3
17653,2
17701,2
17754,1
17770,1
17801,2
17822,1
17837,4
17889,1
17901,1
18002,2
18009,2
18011,4
18013,2
18014,3
18015,4
18016,3
18017,4
18018,4
18019,2
18020,4
18030,1
18031,3
18032,3
18033,2
18034,4
18036,4
18037,3
18038,1
18039,3
18040,3
18041,2
18042,4
18043,1
18044,1
18045,4
18049,4
18051,3
18052,4
18053,3
18054,3
18055,4
18058,2
18062,4
18064,4
18066,2
18067,4
18069,3
18073,3
18076,1
18077,1
18078,2
18080,1
18081,1
18084,1
18085,1
18087,3
18091,3
18092,4
18101,4
18102,4
18103,4
18104,4
18105,3
18106,4
18107,2
18109,4
18201,4
18202,4
18214,1
18216,3
18229,1
18235,1
18301,3
18302,1
18320,1
18324,2
18326,3
18330,1
18337,2
18347,1
18349,1
18350,1
18353,3
18355,2
18356,2
18360,2
18372,2
18407,1
18411,1
18413,1
18414,4
18425,1
18426,1
18447,2
18458,1
18504,1
18510,1
18512,1
18608,1
18624,1
18657,2
18701,2
18702,2
18704,1
18706,2
18847,1
18901,4
18902,2
18925,1
18938,3
18940,3
18944,2
18950,2
18951,4
18954,1
18964,2
18966,1
18974,3
18976,2
18977,1
18979,1
19001,2
19002,3
19003,2
19004,4
19006,1
19007,1
19008,1
19010,4
19012,1
19025,3
19026,1
19027,3
19034,3
19035,2
19038,3
19041,3
19044,2
19046,3
19047,2
19050,3
19052,1
19053,2
19054,1
19061,2
19063,3
19066,3
19067,1
19072,3
19073,4
19075,2
19076,1
19082,2
19083,3
19085,2
19086,3
19087,4
19094,2
19095,3
19096,4
19101,3
19102,4
19103,4
19104,4
19106,4
19107,4
19109,2
19111,3
19113,3
19115,3
19116,2
19118,3
19119,4
19121,4
19122,3
19123,3
19125,1
19128,3
19129,2
19130,4
19131,3
19135,3
19139,2
19141,2
19143,4
19144,2
19145,3
19146,4
19147,3
19148,4
19149,1
19150,2
19151,2
19152,2
19153,1
19192,1
19301,2
19317,3
19320,2
19333,3
19335,2
19341,2
19342,3
19348,4
19349,1
19352,3
19355,4
19380,3
19382,3
19399,1
19401,3
19403,3
19406,2
19422,2
19425,3
19426,4
19428,4
19438,2
19444,3
19446,2
19454,2
19460,4
19462,2
19464,3
19465,2
19473,1
19504,2
19508,1
19518,2
19530,3
19533,2
19534,1
19540,2
19548,2
19551,2
19562,1
19608,2
19609,2
19610,3
19611,1
19702,2
19707,1
19709,2
19713,1
19801,1
19803,2
19804,1
19805,2
19806,2
19807,4
19808,3
19809,1
19876,2
19880,2
19901,1
19904,1
19943,3
19944,1
19946,1
19947,2
19958,3
19963,2
19966,1
19970,1
19971,1
20001,4
20002,4
20003,4
20004,4
20005,4
20006,4
20007,4
20008,4
20009,4
20010,4
20011,4
20012,2
20013,2
20015,4
20016,4
20017,2
20018,2
20019,2
20020,3
20024,4
20026,2
20033,2
20036,4
20037,4
20038,1
20041,2
20052,4
20057,2
20090,1
20105,2
20109,3
20110,3
20111,3
20112,1
20117,1
20120,4
20121,4
20122,2
20123,2
20124,2
20125,2
20132,2
20135,2
20136,1
20141,2
20145,1
20146,2
20147,4
20148,4
20149,1
20151,4
20152,3
20153,1
20155,1
20158,2
20159,1
20164,4
20165,4
20166,4
20169,1
20170,4
20171,4
20175,3
20176,4
20177,1
20180,1
20184,2
20186,2
20187,2
20190,4
20191,4
20194,2
20197,1
20201,2
20202,1
20210,1
20230,3
20240,2
20250,1
20415,1
20420,1
20433,2
20460,1
20470,1
20500,4
20501,1
20502,4
20503,1
20510,4
20515,4
20530,2
20577,1
20590,1
20602,1
20603,1
20613,1
20639,1
20646,1
20664,1
20676,2
20678,2
20680,1
20688,1
20701,2
20705,4
20706,3
20707,3
20712,2
20715,1
20716,2
20720,3
20723,2
20735,2
20740,2
20741,1
20743,1
20744,1
20745,1
20746,1
20747,1
20748,1
20755,2
20763,1
20770,1
20772,1
20774,1
20781,1
20782,2
20783,4
20784,1
20785,2
20794,1
20814,4
20815,4
20816,3
20817,4
20818,2
20827,2
20830,1
20832,3
20841,2
20850,4
20851,2
20852,4
20853,2
20854,4
20855,2
20874,2
20876,2
20877,3
20878,4
20879,3
20882,2
20886,1
20895,2
20901,4
20902,4
20904,4
20905,2
20906,3
20910,4
20912,4
20913,1
21001,2
21012,2
21015,1
21029,2
21030,4
21031,1
21035,1
21037,3
21042,4
21043,2
21044,4
21045,4
21046,4
21047,1
21050,2
21053,1
21054,1
21060,1
21061,3
21075,1
21076,4
21078,1
21090,2
21093,4
21094,2
21108,2
21113,3
21114,1
21117,4
21122,2
21123,2
21131,1
21136,4
21146,2
21152,4
21157,4
21161,1
21163,2
21184,1
21201,4
21202,4
21204,3
21207,2
21208,4
21209,3
21210,2
21211,1
21212,2
21214,1
21215,2
21216,1
21217,1
21218,2
21223,1
21224,3
21226,4
21227,1
21228,3
21229,1
21230,4
21231,4
21234,2
21237,1
21244,3
21266,1
21286,2
21287,1
21401,4
21403,3
21409,2
21601,1
21612,1
21613,2
21620,1
21677,1
21701,1
21702,2
21703,2
21704,1
21719,2
21740,1
21758,1
21771,1
21773,2
21784,1
21794,1
21811,3
21921,1
22003,3
22012,1
22015,2
22020,1
22025,3
22030,4
22031,4
22032,3
22033,4
22039,3
22041,4
22042,4
22043,4
22044,3
22046,4
22060,2
22066,3
22079,1
22090,1
22091,1
22101,4
22102,4
22124,3
22150,3
22151,2
22152,3
22153,3
22180,4
22181,3
22182,4
22192,2
22193,1
22195,1
22201,4
22202,4
22203,4
22204,4
22205,2
22206,4
22207,4
22209,4
22215,1
22301,4
22302,3
22303,2
22304,4
22305,3
22306,3
22307,2
22308,4
22309,2
22310,3
22311,3
22312,3
22314,4
22315,3
22401,2
22405,2
22406,1
22407,4
22408,3
22432,1
22448,2
22473,3
22480,2
22503,1
22514,1
22520,1
22546,3
22551,4
22553,4
22554,4
22556,1
22572,1
22601,1
22602,2
22603,2
22611,3
22630,1
22655,2
22701,3
22728,1
22737,1
22747,1
22761,1
22794,2
22801,3
22802,1
22812,1
22834,1
22840,2
22901,4
22902,2
22903,4
22904,1
22920,1
22923,2
22932,3
22942,3
22947,2
22952,1
22963,1
22980,3
23004,1
23005,4
23030,2
23035,2
23038,1
23039,2
23040,2
23047,1
23058,3
23059,4
23060,4
23061,2
23063,4
23065,1
23069,2
23084,1
23093,4
23102,2
23103,4
23104,1
23111,4
23112,4
23113,4
23114,4
23116,4
23120,4
23129,2
23139,4
23140,1
23141,3
23150,2
23153,2
23168,1
23169,1
23173,1
23177,3
23181,2
23185,4
23187,1
23188,4
23192,2
23195,1
23218,3
23219,4
23220,4
23221,4
23222,3
23223,4
23224,3
23225,4
23226,4
23227,4
23228,4
23229,4
23230,4
23231,4
23233,4
23234,4
23235,4
23236,4
23237,2
23238,4
23239,2
23284,2
23288,2
23294,4
23314,3
23320,4
23321,3
23322,4
23323,3
23328,1
23430,1
23433,1
23434,3
23450,1
23451,4
23452,4
23453,4
23454,4
23455,4
23456,4
23462,4
23463,1
23464,4
23501,1
23502,4
23503,4
23504,4
23505,4
23507,4
23508,4
23509,2
23510,4
23513,2
23514,2
23517,4
23518,3
23529,3
23601,2
23602,2
23605,1
23606,4
23607,2
23608,3
23661,1
23662,1
23664,2
23666,2
23669,3
23690,1
23692,2
23693,4
23703,1
23704,3
23705,3
23707,2
23803,4
23805,2
23831,4
23832,4
23834,3
23836,4
23837,1
23838,3
23851,1
23922,2
23974,2
24011,2
24013,1
24015,2
24016,1
24018,2
24060,4
24070,1
24073,2
24088,1
24090,1
24091,1
24112,1
24120,1
24121,1
24128,1
24149,1
24153,1
24162,1
24171,1
24179,2
24201,1
24236,2
24315,1
24354,2
24382,2
24401,2
24450,4
24502,3
24503,2
24523,1
24551,3
24555,1
24572,1
24588,1
24590,1
24652,1
24701,4
24740,2
25003,2
25064,1
25124,3
25159,1
25213,2
25271,1
25304,3
25311,1
25314,1
25403,1
25411,1
25414,3
25443,2
25504,2
25526,2
25560,2
25661,1
26003,1
26104,1
26260,1
26505,1
26719,1
26804,3
26810,2
26836,2
27006,2
27012,3
27018,4
27019,1
27023,3
27028,1
27040,1
27051,1
27101,4
27103,3
27104,4
27105,4
27106,4
27107,3
27109,1
27114,1
27157,1
27160,2
27217,2
27243,2
27244,3
27249,1
27262,4
27265,3
27278,1
27282,3
27284,2
27288,1
27298,1
27302,3
27310,1
27312,3
27320,2
27360,1
27377,2
27401,3
27403,3
27406,3
27407,2
27408,1
27409,3
27410,4
27413,2
27455,3
27502,3
27510,4
27511,4
27513,3
27514,4
27516,4
27517,4
27518,2
27519,3
27520,2
27523,1
27527,2
27529,2
27530,1
27534,1
27539,1
27540,3
27560,3
27574,1
27576,2
27587,3
27601,2
27602,3
27603,4
27604,4
27605,2
27606,4
27607,2
27608,4
27609,3
27610,2
27612,4
27613,4
27614,3
27615,4
27616,2
27617,3
27619,2
27622,1
27701,3
27703,1
27705,2
27707,4
27708,3
27709,1
27710,3
27711,2
27712,3
27713,4
27722,1
27804,3
27810,4
27834,1
27850,2
27858,3
27889,4
27909,2
27920,3
27929,2
27932,3
27954,1
27958,1
28012,1
28018,1
28020,2
28025,1
28027,2
28031,3
28036,1
28054,2
28075,1
28078,4
28081,2
28086,2
28103,1
28104,3
28105,4
28110,1
28115,1
28117,2
28120,1
28134,1
28150,1
28173,3
28174,3
28202,4
28203,4
28204,3
28205,4
28207,3
28209,4
28210,4
28211,4
28213,2
28214,3
28217,3
28225,3
28226,4
28227,1
28262,3
28269,3
28270,4
28273,2
28277,3
28301,2
28303,1
28305,2
28306,1
28311,1
28352,2
28360,1
28365,2
28370,1
28374,3
28376,1
28387,3
28394,3
28395,3
28401,1
28402,2
28403,4
28405,3
28409,4
28411,3
28451,2
28459,1
28461,1
28462,2
28501,1
28546,1
28557,3
28560,2
28590,1
28594,2
28601,3
28604,2
28605,2
28607,3
28613,1
28630,1
28645,3
28646,2
28655,2
28657,2
28659,1
28677,2
28697,2
28704,2
28712,3
28713,3
28714,3
28716,2
28720,1
28734,4
28741,1
28746,1
28748,2
28754,2
28756,1
28776,1
28786,1
28791,1
28801,3
28803,4
28804,3
28805,4
28806,3
28904,1
28905,1
29016,1
29072,4
29162,2
29201,2
29202,1
29204,1
29206,1
29212,1
29223,1
29301,2
29302,4
29322,1
29325,1
29401,4
29403,1
29407,2
29412,2
29425,1
29439,1
29451,3
29455,1
29461,1
29464,4
29466,3
29483,3
29485,3
29486,1
29488,4
29492,3
29568,1
29575,1
29577,2
29579,2
29582,4
29585,2
29588,2
29598,2
29601,1
29609,1
29615,1
29620,1
29631,2
29642,2
29644,1
29651,1
29672,4
29678,1
29681,1
29687,2
29706,2
29707,4
29708,1
29715,1
29803,3
29829,1
29842,2
29902,2
29909,4
29910,2
29926,3
29928,2
29938,1
30004,2
30005,4
30011,1
30019,1
30022,3
30024,1
30030,2
30033,4
30034,1
30040,1
30041,3
30043,1
30044,3
30045,1
30047,2
30052,1
30060,1
30062,2
30066,2
30067,1
30068,1
30075,3
30076,3
30080,3
30084,3
30087,1
30088,2
30092,4
30094,1
30096,3
30097,3
30101,3
30102,2
30107,2
30114,3
30115,1
30116,2
30120,2
30122,2
30126,4
30135,1
30136,2
30143,1
30144,3
30147,1
30152,3
30153,3
30165,2
30168,2
30173,1
30188,1
30189,1
30213,1
30214,1
30215,2
30238,1
30253,4
30263,1
30265,2
30269,1
30290,1
30303,4
30305,4
30306,2
30307,4
30308,3
30309,4
30310,2
30311,1
30312,1
30313,1
30314,1
30316,3
30317,3
30318,1
30319,4
30320,1
30324,4
30327,2
30328,3
30329,2
30331,1
30334,1
30337,1
30338,2
30339,4
30340,4
30341,3
30342,2
30344,1
30345,1
30346,3
30350,1
30354,3
30357,1
30360,1
30501,1
30517,1
30518,1
30519,1
30536,1
30601,2
30607,2
30642,1
30662,1
30677,2
30736,1
30738,2
30813,1
31088,3
31234,2
31300,1
31324,2
31401,2
31405,1
31406,2
31419,3
31522,3
31602,1
31905,4
31906,1
32004,1
32034,1
32043,3
32082,4
32084,1
32092,2
32113,1
32119,2
32136,3
32159,1
32162,2
32164,2
32168,3
32169,1
32204,1
32205,2
32206,1
32207,2
32209,1
32211,2
32216,2
32217,2
32218,4
32224,2
32233,1
32246,3
32256,2
32257,3
32259,2
32277,3
32301,4
32302,3
32303,4
32304,2
32305,1
32308,4
32309,3
32310,2
32311,3
32312,3
32314,1
32317,3
32326,2
32328,1
32333,1
32399,3
32401,1
32407,1
32413,1
32459,3
32466,3
32501,2
32503,2
32504,1
32506,1
32507,1
32511,1
32526,3
32533,2
32534,3
32548,1
32550,3
32579,1
32601,1
32605,3
32606,3
32607,2
32608,1
32609,2
32640,1
32701,1
32703,2
32713,2
32714,2
32716,1
32725,2
32726,4
32732,1
32738,2
32746,3
32750,1
32751,3
32763,1
32765,3
32771,3
32779,3
32780,1
32789,3
32792,4
32796,2
32801,3
32802,2
32803,4
32804,3
32805,1
32806,1
32807,1
32809,3
32814,1
32817,1
32818,1
32819,1
32820,1
32822,2
32824,2
32825,1
32828,1
32829,1
32832,3
32835,2
32836,2
32837,2
32839,2
32853,2
32899,1
32901,3
32903,1
32904,1
32905,1
32907,2
32920,1
32922,1
32925,1
32926,1
32927,1
32931,1
32935,1
32936,1
32937,4
32951,1
32952,1
32955,2
32963,3
32964,1
32966,1
32976,1
33004,2
33009,3
33010,3
33014,3
33016,2
33019,1
33020,3
33021,1
33023,1
33024,1
33025,3
33026,1
33027,2
33028,1
33029,1
33030,4
33032,3
33033,4
33034,4
33035,3
33037,4
33040,4
33041,2
33050,2
33054,3
33056,2
33057,1
33059,2
33060,1
33062,4
33063,2
33064,2
33065,4
33066,2
33067,2
33069,1
33070,3
33071,1
33073,1
33075,2
33076,3
33101,1
33122,2
33124,1
33125,3
33126,3
33127,2
33128,4
33129,3
33130,4
33131,4
33132,3
33133,4
33134,3
33135,2
33136,4
33137,3
33138,3
33139,4
33140,4
33141,2
33142,3
33143,4
33145,2
33146,3
33147,1
33149,1
33150,2
33154,3
33155,3
33156,4
33157,3
33158,1
33159,1
33160,3
33161,3
33162,3
33163,1
33165,2
33166,3
33169,4
33170,4
33172,3
33174,3
33175,2
33176,4
33177,3
33178,3
33179,3
33180,3
33181,2
33183,4
33186,4
33189,4
33193,3
33196,3
33197,1
33199,1
33261,1
33266,2
33283,1
33296,1
33301,4
33304,4
33305,2
33306,1
33307,1
33308,3
33309,3
33311,2
33312,3
33313,2
33314,2
33315,3
33316,1
33317,2
33319,2
33321,3
33322,1
33323,1
33324,3
33325,1
33326,3
33334,3
33335,1
33351,2
33394,2
33401,2
33405,1
33406,4
33407,1
33408,2
33409,4
33410,3
33411,3
33412,2
33414,3
33418,2
33426,3
33428,4
33431,4
33432,4
33433,4
33434,2
33435,4
33436,1
33437,2
33441,2
33444,1
33445,1
33446,2
33449,2
33458,2
33460,1
33462,1
33467,2
33473,2
33477,3
33480,3
33483,3
33484,3
33486,2
33487,4
33496,4
33498,3
33510,2
33523,1
33538,1
33543,2
33544,2
33547,1
33556,3
33558,3
33559,2
33573,2
33579,2
33594,1
33602,3
33604,3
33605,1
33607,1
33609,2
33612,1
33614,3
33615,4
33616,2
33619,1
33621,1
33629,2
33634,3
33647,4
33675,1
33680,1
33687,1
33689,2
33701,4
33702,1
33704,1
33705,1
33706,3
33707,1
33708,2
33710,2
33711,3
33713,3
33716,1
33733,1
33756,2
33760,1
33762,1
33764,1
33765,2
33767,4
33770,2
33778,1
33806,1
33810,2
33812,1
33815,1
33825,2
33830,2
33837,2
33844,3
33845,1
33850,3
33860,1
33872,1
33884,3
33904,1
33908,2
33909,2
33912,3
33913,2
33914,2
33917,1
33919,2
33928,2
33931,2
33936,1
33946,1
33948,1
33950,2
33952,3
33954,1
33956,1
33957,2
33967,3
34102,4
34103,1
34104,3
34105,1
34108,3
34109,2
34110,3
34113,1
34114,2
34119,2
34133,4
34134,3
34135,2
34145,3
34202,4
34203,3
34205,2
34207,2
34209,2
34210,2
34211,3
34212,1
34217,3
34218,1
34221,1
34223,2
34228,2
34229,2
34232,3
34233,1
34235,3
34236,3
34237,2
34238,4
34239,4
34240,2
34241,3
34242,2
34243,3
34275,2
34285,1
34287,1
34289,1
34292,3
34293,3
34323,3
34432,2
34436,2
34442,2
34450,1
34453,2
34465,4
34481,1
34601,2
34606,4
34624,1
34637,1
34652,2
34669,2
34677,2
34683,1
34685,2
34689,3
34695,2
34698,3
34711,2
34713,2
34736,2
34737,1
34741,3
34747,4
34748,2
34759,1
34761,1
34786,2
34787,3
34825,1
34945,3
34949,2
34952,3
34953,2
34957,1
34982,2
34986,2
34990,1
34994,2
34996,3
34997,1
35007,2
35043,1
35055,1
35077,1
35080,2
35124,2
35129,2
35143,1
35173,1
35203,2
35206,1
35209,2
35216,3
35233,1
35242,3
35243,2
35244,4
35247,1
35541,1
35578,1
35603,1
35608,2
35741,1
35757,1
35758,2
35763,2
35769,1
35801,1
35802,3
35803,2
35804,1
35805,1
35806,2
35811,1
35814,2
35816,1
35896,1
35898,2
35906,1
35976,1
36026,2
36061,1
36106,1
36111,1
36116,2
36250,4
36268,1
36330,1
36456,1
36523,2
36526,1
36528,1
36535,1
36549,2
36561,2
36602,2
36607,1
36609,1
36652,2
36693,1
36830,1
37010,3
37011,2
37013,4
37014,3
37015,4
37022,1
37024,1
37027,4
37030,2
37037,1
37040,4
37042,3
37043,4
37044,1
37049,2
37064,4
37065,1
37066,3
37067,4
37068,1
37069,2
37072,4
37073,3
37075,3
37076,4
37080,1
37082,1
37086,2
37087,1
37090,2
37091,2
37110,1
37115,2
37122,4
37128,3
37129,3
37130,3
37132,2
37133,1
37135,1
37137,1
37138,4
37146,2
37148,2
37153,1
37166,1
37167,3
37172,4
37174,3
37179,1
37187,1
37189,1
37201,4
37202,2
37203,4
37204,4
37205,4
37206,4
37207,3
37208,4
37209,4
37210,4
37211,4
37212,4
37214,4
37215,4
37216,4
37217,4
37218,2
37219,4
37220,4
37221,4
37222,1
37228,3
37232,1
37235,2
37243,4
37305,1
37311,3
37312,1
37322,2
37324,2
37332,2
37343,1
37350,1
37356,3
37357,1
37363,2
37367,1
37377,3
37379,1
37388,2
37398,1
37402,2
37403,3
37404,3
37405,3
37406,2
37409,3
37411,2
37412,3
37415,3
37421,1
37549,2
37601,2
37604,3
37644,1
37664,2
37722,1
37729,3
37766,1
37772,2
37801,2
37804,2
37813,3
37814,3
37821,2
37828,1
37830,4
37862,1
37876,1
37886,2
37901,1
37902,2
37909,3
37912,2
37916,2
37917,3
37918,3
37919,3
37920,4
37921,2
37922,3
37923,2
37929,1
37931,2
37932,4
37933,1
37934,4
38002,2
38008,1
38016,3
38017,4
38018,4
38053,3
38057,2
38060,1
38075,2
38088,1
38101,1
38103,4
38104,3
38105,1
38106,3
38107,3
38108,2
38109,4
38111,4
38112,2
38114,4
38115,3
38116,4
38117,4
38118,2
38119,4
38120,4
38125,4
38127,3
38128,3
38133,1
38134,2
38135,3
38138,3
38139,3
38141,3
38152,2
38163,1
38186,1
38197,1
38225,1
38237,1
38242,4
38253,1
38301,2
38305,2
38343,1
38401,1
38462,2
38478,2
38501,2
38502,1
38506,2
38544,1
38555,2
38571,1
38572,2
38574,3
38578,1
38583,2
38585,2
38611,1
38619,2
38654,2
38680,1
38711,2
38866,1
39041,3
39056,2
39073,1
39110,1
39130,1
39154,2
39158,1
39170,1
39201,3
39202,3
39210,1
39211,2
39212,1
39213,1
39236,1
39401,1
39402,1
39404,1
39501,2
39502,1
39503,1
39506,1
39507,2
39530,2
39560,4
39564,4
39571,1
39573,2
39759,2
40022,1
40031,1
40033,2
40059,2
40175,1
40201,1
40202,3
40203,2
40204,1
40205,3
40206,2
40207,1
40212,1
40213,2
40216,2
40217,1
40218,2
40222,4
40223,1
40239,1
40241,4
40242,1
40243,2
40245,1
40272,2
40292,1
40299,2
40311,3
40316,1
40324,4
40342,3
40351,4
40353,3
40356,3
40357,1
40374,2
40383,3
40385,1
40391,3
40392,1
40402,1
40403,3
40422,1
40461,2
40467,1
40468,1
40475,4
40476,2
40502,4
40503,4
40504,3
40505,2
40507,3
40508,4
40509,4
40511,4
40513,4
40514,4
40515,3
40517,4
40526,1
40536,2
40588,1
40601,3
40609,1
41001,1
41004,1
41011,3
41014,2
41015,2
41017,4
41018,2
41030,1
41031,3
41035,1
41039,2
41041,4
41042,2
41048,1
41049,3
41051,2
41055,1
41056,4
41071,3
41074,1
41075,2
41076,1
41091,1
41093,3
41094,2
41096,1
41164,2
41168,1
41179,2
41502,2
41730,1
42001,2
42066,2
42071,1
42101,3
42104,2
42122,2
42129,1
42134,1
42240,1
42243,2
42301,1
42302,2
42303,2
42345,1
42355,1
42366,2
42431,1
42445,1
42518,1
42701,2
42718,3
43004,2
43015,3
43016,4
43017,4
43019,1
43021,2
43022,1
43023,4
43026,4
43035,2
43040,1
43041,2
43050,2
43054,4
43055,4
43056,1
43062,1
43064,1
43065,3
43068,3
43071,1
43078,2
43081,4
43082,4
43085,4
43088,1
43103,4
43110,3
43119,2
43123,4
43130,2
43146,2
43147,4
43201,4
43202,4
43203,4
43204,4
43205,4
43206,3
43207,4
43209,4
43210,4
43212,4
43213,3
43214,4
43215,4
43216,2
43219,3
43220,4
43221,4
43222,1
43223,3
43224,3
43227,3
43228,4
43229,4
43230,4
43231,3
43234,1
43235,4
43240,3
43302,2
43402,2
43449,1
43450,2
43504,1
43515,2
43533,1
43551,1
43560,1
43604,1
43606,1
43611,1
43613,2
43615,1
43616,2
43620,1
43725,2
43787,2
43915,1
43925,2
43931,1
43933,1
43942,1
43946,1
43950,1
43971,2
44001,1
44011,2
44022,2
44023,2
44039,2
44040,1
44044,2
44056,2
44062,1
44070,2
44074,1
44087,2
44094,2
44095,2
44100,4
44103,1
44106,4
44109,1
44110,1
44111,1
44113,1
44114,3
44115,2
44116,1
44117,1
44118,3
44119,1
44120,3
44121,3
44122,4
44123,2
44124,3
44128,3
44130,2
44131,1
44132,1
44133,3
44135,1
44137,1
44139,3
44140,3
44141,1
44143,2
44145,2
44146,1
44147,3
44149,2
44191,2
44195,1
44202,2
44203,3
44212,3
44214,1
44216,3
44217,1
44221,1
44222,1
44223,2
44224,3
44230,1
44233,1
44234,2
44236,4
44240,4
44241,2
44242,1
44256,2
44262,1
44264,2
44266,2
44280,1
44281,3
44286,2
44301,1
44302,2
44303,2
44304,1
44305,3
44306,4
44307,3
44308,3
44309,3
44310,3
44311,2
44312,4
44313,4
44314,3
44318,2
44319,4
44320,4
44321,3
44333,4
44405,1
44406,1
44428,1
44435,2
44446,2
44460,1
44503,1
44504,1
44506,1
44511,2
44512,1
44514,1
44606,2
44609,1
44611,1
44614,1
44654,1
44663,1
44672,2
44676,1
44677,1
44685,3
44691,2
44703,1
44708,2
44709,1
44720,3
44840,2
44846,1
44906,1
45002,3
45005,4
45011,3
45013,2
45014,4
45015,1
45030,2
45034,1
45036,4
45039,4
45040,4
45042,3
45044,3
45050,1
45054,1
45056,4
45065,2
45066,2
45069,4
45106,1
45140,4
45150,4
45152,3
45162,3
45177,3
45200,1
45202,4
45203,4
45204,3
45205,3
45206,4
45207,4
45208,4
45209,3
45211,4
45212,4
45213,4
45215,4
45216,3
45218,1
45219,4
45220,4
45221,4
45222,1
45223,4
45224,4
45225,2
45226,3
45227,3
45229,4
45230,4
45231,4
45232,3
45233,4
45236,4
45237,4
45238,4
45239,4
45240,3
45241,4
45242,4
45243,4
45244,4
45245,2
45246,4
45247,4
45248,3
45249,4
45251,2
45252,3
45255,3
45267,3
45294,1
45315,1
45322,1
45324,2
45335,1
45342,2
45344,1
45345,1
45356,1
45377,2
45384,3
45385,2
45387,3
45402,2
45404,2
45405,2
45406,3
45408,1
45409,2
45410,1
45414,3
45415,2
45417,2
45419,4
45420,2
45422,1
45424,1
45425,1
45426,1
45429,3
45431,1
45432,1
45433,1
45440,3
45458,4
45459,3
45502,1
45503,2
45601,3
45692,1
45701,1
45804,1
45807,2
45810,1
45840,2
46021,2
46028,1
46032,4
46033,4
46037,2
46038,1
46052,1
46060,2
46072,1
46074,1
46077,3
46135,1
46142,1
46151,3
46160,1
46168,2
46176,4
46202,4
46203,1
46204,3
46205,2
46208,1
46212,1
46219,1
46220,4
46226,1
46227,2
46228,2
46231,1
46236,2
46237,2
46240,2
46250,2
46254,1
46256,1
46260,4
46268,2
46282,1
46303,2
46307,4
46311,3
46320,3
46321,3
46322,2
46350,4
46356,1
46373,2
46383,3
46384,1
46385,2
46402,1
46410,1
46514,2
46524,2
46526,1
46528,1
46530,3
46544,3
46556,2
46580,2
46590,1
46614,1
46628,2
46637,2
46706,1
46737,3
46748,3
46804,2
46901,2
46902,2
47020,1
47122,1
47129,1
47130,1
47203,3
47265,1
47401,4
47403,2
47405,1
47408,3
47549,1
47612,1
47708,3
47842,2
47904,2
47907,1
47957,4
48001,1
48008,3
48009,4
48014,1
48017,4
48022,1
48025,4
48030,3
48033,4
48034,4
48035,4
48036,2
48037,1
48038,3
48042,3
48043,1
48044,3
48045,3
48046,1
48047,3
48051,3
48059,3
48060,4
48065,3
48066,4
48067,4
48068,4
48069,4
48070,4
48071,3
48072,4
48073,4
48075,4
48076,4
48080,3
48081,1
48083,4
48084,4
48085,4
48086,1
48088,4
48089,2
48090,4
48091,4
48092,4
48093,3
48094,1
48095,2
48098,4
48099,1
48101,4
48103,4
48104,4
48105,4
48106,3
48108,4
48109,4
48111,4
48113,3
48114,4
48116,4
48118,4
48120,3
48122,4
48124,4
48125,3
48126,4
48127,4
48128,4
48130,4
48131,2
48134,4
48135,1
48137,4
48141,1
48146,4
48150,4
48151,1
48152,4
48154,4
48158,3
48159,2
48160,3
48161,3
48162,4
48164,3
48165,4
48166,3
48167,4
48168,4
48169,4
48170,4
48173,2
48174,4
48176,4
48178,4
48180,4
48183,3
48184,3
48185,3
48186,2
48187,4
48188,3
48189,4
48191,2
48192,4
48193,3
48195,4
48197,4
48198,4
48201,4
48202,4
48203,4
48204,4
48205,3
48206,3
48207,4
48208,4
48209,2
48210,4
48211,2
48212,4
48213,1
48214,4
48215,4
48216,4
48217,3
48218,4
48219,4
48220,4
48221,4
48223,4
48224,3
48225,3
48226,4
48227,4
48228,1
48229,4
48230,4
48232,3
48235,4
48236,4
48237,4
48238,4
48239,4
48240,3
48243,4
48244,1
48301,4
48302,4
48303,2
48304,4
48306,4
48307,4
48309,3
48310,4
48312,4
48313,4
48314,4
48315,2
48316,3
48317,4
48320,4
48322,4
48323,4
48324,4
48326,4
48327,4
48328,4
48329,4
48331,4
48332,1
48334,4
48335,4
48336,3
48338,4
48340,3
48341,4
48342,4
48346,3
48348,4
48350,4
48353,2
48356,4
48357,4
48359,2
48360,4
48362,1
48363,4
48365,1
48371,4
48374,4
48375,4
48376,2
48377,4
48380,3
48381,4
48382,3
48383,3
48386,4
48390,4
48393,4
48401,2
48412,1
48415,2
48417,3
48420,1
48422,2
48423,2
48427,1
48430,1
48433,3
48438,4
48439,3
48446,2
48455,4
48462,1
48466,1
48471,1
48473,4
48502,1
48503,3
48504,3
48506,4
48507,4
48529,1
48532,4
48601,4
48602,4
48603,2
48604,2
48607,3
48609,1
48623,3
48624,2
48632,3
48635,2
48638,1
48640,4
48642,4
48650,3
48661,2
48664,3
48674,1
48706,3
48708,3
48718,4
48723,4
48732,2
48733,4
48734,1
48750,4
48759,3
48766,2
48801,2
48805,3
48809,4
48813,3
48817,1
48820,3
48821,2
48823,4
48824,3
48826,4
48827,2
48835,2
48836,2
48837,3
48840,3
48842,4
48843,4
48848,4
48851,1
48854,4
48855,4
48858,4
48859,1
48864,4
48865,3
48867,4
48872,1
48876,2
48884,1
48895,3
48901,4
48906,4
48909,4
48910,4
48911,4
48912,4
48913,3
48915,4
48917,4
48921,1
48933,4
48934,1
49001,4
49006,4
49007,4
49008,4
49009,4
49010,2
49014,2
49015,4
49017,4
49022,4
49024,4
49036,2
49037,4
49038,1
49047,3
49048,4
49057,2
49060,2
49064,3
49065,3
49067,1
49068,4
49071,4
49073,1
49076,2
49083,3
49085,3
49090,4
49096,1
49102,2
49103,4
49115,1
49117,2
49121,1
49201,4
49202,3
49203,4
49204,1
49220,1
49221,3
49229,1
49230,3
49234,1
49238,1
49240,1
49246,2
49247,2
49250,3
49251,1
49253,3
49269,3
49270,2
49272,1
49277,2
49283,1
49284,2
49285,1
49286,3
49301,3
49306,4
49315,4
49316,3
49321,4
49331,3
49340,2
49341,4
49344,4
49348,3
49406,4
49418,1
49423,4
49424,4
49428,4
49437,4
49441,2
49444,4
49454,1
49455,1
49460,2
49464,1
49503,4
49504,4
49505,4
49506,4
49507,4
49508,3
49512,4
49525,4
49534,4
49544,4
49546,4
49601,2
49612,3
49613,2
49614,3
49616,2
49629,2
49635,1
49636,1
49640,1
49643,1
49660,3
49683,1
49684,4
49686,4
49701,4
49706,1
49709,1
49712,4
49716,4
49721,4
49727,2
49730,4
49735,4
49740,1
49751,1
49755,1
49756,1
49757,4
49761,3
49765,3
49770,4
49781,2
49802,2
49829,3
49854,1
49855,2
49862,1
49879,2
49895,3
49913,1
49931,2
49938,4
49965,1
50003,4
50009,3
50010,3
50012,3
50013,4
50014,4
50021,4
50023,3
50047,1
50111,4
50122,1
50125,3
50129,1
50131,4
50158,2
50174,1
50208,2
50211,2
50212,1
50213,1
50225,1
50256,1
50263,4
50265,4
50266,4
50276,2
50302,2
50306,3
50309,4
50310,4
50311,4
50312,4
50313,4
50314,4
50315,4
50316,3
50317,3
50318,2
50319,3
50320,4
50321,4
50322,4
50323,3
50324,3
50325,4
50327,1
50392,4
50393,1
50401,3
50501,3
50511,1
50532,3
50538,2
50588,1
50613,4
50614,3
50644,2
50645,1
50651,2
50659,1
50674,2
50677,2
50701,2
50703,3
50704,1
51031,1
51106,3
51301,2
51360,3
51401,1
51541,1
52001,4
52002,3
52003,3
52039,2
52040,4
52045,2
52068,2
52073,2
52101,3
52144,2
52161,1
52168,1
52233,2
52240,3
52241,2
52242,3
52245,1
52246,3
52302,4
52317,3
52333,1
52336,3
52352,1
52401,3
52402,4
52403,4
52404,4
52405,4
52499,2
52501,2
52556,1
52722,3
52731,3
52803,1
52806,1
52807,2
53012,2
53018,2
53022,2
53024,2
53029,2
53045,3
53051,2
53066,4
53072,3
53078,1
53083,1
53086,1
53092,2
53095,3
53097,1
53098,1
53104,1
53115,2
53120,2
53121,2
53122,3
53132,2
53140,3
53147,3
53151,4
53172,2
53181,2
53184,1
53186,3
53188,2
53189,3
53201,1
53202,4
53203,3
53204,4
53206,2
53207,3
53208,3
53209,2
53211,4
53212,4
53213,2
53214,4
53215,1
53217,4
53219,1
53221,1
53222,3
53223,2
53224,2
53225,1
53226,4
53403,3
53404,1
53406,3
53511,3
53527,1
53534,2
53547,2
53548,3
53555,2
53558,2
53561,1
53562,4
53565,2
53566,1
53573,1
53581,2
53582,4
53583,1
53588,2
53590,3
53593,2
53597,2
53703,4
53704,4
53705,4
53706,1
53711,4
53713,3
53714,3
53715,2
53716,4
53717,3
53718,3
53719,3
53725,1
53901,2
53929,1
53948,4
53959,1
53965,1
54015,1
54016,4
54017,2
54022,3
54023,1
54106,1
54113,1
54115,3
54126,3
54128,2
54153,2
54155,1
54202,1
54212,1
54220,2
54230,1
54234,1
54235,1
54290,4
54302,2
54303,3
54307,2
54311,3
54402,1
54406,3
54449,1
54476,1
54481,1
54482,1
54488,2
54498,1
54501,1
54519,1
54531,2
54541,1
54545,2
54555,2
54601,4
54603,2
54619,1
54634,1
54636,2
54639,1
54650,2
54655,1
54656,3
54667,2
54701,3
54703,2
54720,4
54725,2
54729,3
54739,1
54751,2
54757,1
54759,1
54771,1
54801,2
54814,3
54830,1
54837,2
54838,2
54843,1
54859,2
54864,1
54865,3
54871,2
54873,3
54880,2
54891,2
54893,1
54901,4
54902,1
54911,3
54913,2
54914,4
54915,3
54927,1
54929,1
54932,1
54935,1
54944,2
54945,2
54952,3
54956,2
54961,3
54977,1
54981,1
54990,1
55001,3
55003,3
55006,1
55007,2
55008,4
55009,2
55011,4
55012,2
55014,4
55015,2
55016,4
55019,4
55021,4
55024,4
55025,4
55027,3
55032,3
55033,4
55038,4
55040,4
55041,3
55042,4
55043,1
55044,4
55045,3
55046,2
55047,3
55049,4
55051,1
55052,2
55053,2
55054,2
55055,2
55056,4
55057,4
55060,4
55063,3
55066,4
55068,4
55069,3
55070,4
55072,2
55073,1
55074,1
55075,4
55076,4
55077,4
55079,2
55082,4
55083,1
55084,1
55089,2
55092,4
55100,2
55101,4
55102,4
55103,4
55104,4
55105,4
55106,4
55107,4
55108,4
55109,4
55110,4
55111,3
55112,4
55113,4
55114,4
55115,4
55116,4
55117,4
55118,4
55119,4
55120,4
55121,4
55122,4
55123,4
55124,4
55125,4
55126,4
55127,4
55128,4
55129,4
55130,4
55131,4
55144,1
55146,2
55155,4
55213,4
55255,3
55278,3
55301,3
55302,4
55303,4
55304,4
55305,4
55306,4
55308,1
55309,4
55311,4
55313,4
55314,1
55315,3
55316,4
55317,4
55318,4
55319,2
55321,3
55324,1
55325,1
55327,3
55328,4
55330,4
55331,4
55332,1
55336,2
55337,4
55340,4
55341,2
55343,4
55344,4
55345,4
55346,4
55347,4
55349,4
55350,4
55352,2
55356,4
55357,3
55358,3
55359,4
55362,4
55364,4
55365,1
55367,2
55368,3
55369,4
55371,3
55372,4
55373,4
55374,4
55376,4
55378,4
55379,4
55384,3
55386,3
55387,2
55388,2
55390,1
55391,4
55398,4
55401,4
55402,4
55403,4
55404,4
55405,4
55406,4
55407,4
55408,4
55409,4
55410,4
55411,4
55412,4
55413,4
55414,4
55415,4
55416,4
55417,4
55418,4
55419,4
55420,4
55421,4
55422,4
55423,4
55424,4
55425,4
55426,4
55427,4
55428,4
55429,4
55430,4
55431,4
55432,4
55433,4
55434,4
55435,4
55436,4
55437,4
55438,4
55439,4
55440,4
55441,4
55442,4
55443,4
55444,4
55445,4
55446,4
55447,4
55448,4
55449,4
55450,2
55454,4
55455,4
55458,3
55469,1
55474,1
55479,1
55480,1
55487,4
55488,3
55492,2
55603,1
55604,4
55605,1
55606,2
55607,2
55612,3
55614,2
55615,1
55702,1
55703,2
55706,2
55707,2
55710,4
55713,4
55719,4
55720,3
55721,1
55723,2
55726,1
55731,4
55732,4
55734,4
55736,2
55738,2
55741,4
55742,1
55744,3
55746,4
55751,3
55758,4
55763,2
55767,4
55768,4
55769,3
55775,4
55779,3
55781,1
55783,4
55790,3
55792,4
55802,4
55803,4
55804,4
55805,4
55806,4
55807,4
55810,2
55811,4
55812,4
55846,3
55880,2
55901,4
55902,4
55903,4
55904,4
55905,3
55906,4
55912,4
55919,2
55920,2
55923,2
55924,4
55925,2
55927,1
55932,2
55934,1
55938,1
55939,4
55940,3
55944,4
55945,3
55947,3
55949,3
55953,2
55954,3
55955,3
55956,1
55960,3
55963,1
55964,4
55971,3
55972,3
55974,3
55975,2
55976,4
55979,2
55981,4
55983,2
55987,4
55991,1
56001,4
56002,4
56003,4
56007,4
56011,3
56013,2
56017,1
56019,2
56024,3
56031,3
56042,1
56044,2
56048,2
56050,2
56055,1
56058,3
56060,1
56062,2
56063,3
56065,2
56068,3
56073,2
56074,1
56078,1
56082,4
56085,3
56093,4
56096,2
56097,4
56098,2
56101,4
56110,1
56115,2
56123,2
56128,2
56156,3
56159,2
56187,3
56201,3
56222,2
56255,2
56256,4
56258,4
56265,2
56267,3
56271,1
56278,1
56283,1
56285,1
56301,4
56302,1
56303,4
56304,2
56307,4
56308,3
56309,1
56310,2
56315,1
56316,2
56318,1
56320,3
56321,2
56322,3
56326,2
56328,3
56329,1
56331,1
56332,4
56334,3
56336,1
56338,4
56342,1
56345,4
56347,2
56352,3
56353,2
56354,2
56357,2
56359,3
56360,2
56361,1
56362,2
56364,1
56367,1
56369,2
56373,3
56374,4
56377,4
56379,4
56381,2
56382,3
56384,4
56385,2
56387,4
56401,4
56402,1
56425,4
56431,4
56433,2
56434,2
56437,2
56441,2
56442,4
56444,2
56450,1
56455,1
56465,3
56468,3
56470,3
56472,3
56473,1
56482,1
56484,4
56501,3
56528,2
56529,1
56531,1
56537,3
56547,1
56557,4
56560,4
56562,3
56563,2
56573,1
56601,4
56647,3
56649,3
56655,3
56672,1
56678,1
56683,1
56701,2
56716,1
56723,1
57001,1
57005,2
57006,1
57032,1
57034,2
57064,3
57068,1
57069,2
57103,2
57104,4
57105,3
57106,2
57107,4
57108,3
57234,2
57252,2
57262,1
57401,3
57501,2
57523,2
57532,1
57551,1
57601,1
57631,2
57646,1
57702,2
57704,2
57730,1
57734,1
57769,2
57783,1
57793,1
58042,2
58047,2
58056,1
58072,1
58075,2
58078,1
58079,2
58102,4
58103,4
58104,3
58108,3
58201,3
58202,2
58401,2
58413,2
58429,1
58433,1
58456,2
58501,3
58503,3
58504,2
58505,3
58540,1
58554,3
58654,1
58701,3
58702,2
58703,2
58770,1
58781,2
58788,1
58801,1
59008,1
59046,1
59101,2
59270,1
59291,2
59301,1
59313,2
59353,1
59404,1
59405,1
59417,3
59525,3
59601,3
59602,2
59624,2
59638,1
59715,2
59718,3
59725,1
59762,1
59802,2
59803,1
59804,1
59870,1
59901,3
59911,1
59922,1
60002,2
60004,4
60005,4
60007,4
60008,4
60010,4
60011,2
60012,4
60013,4
60014,4
60015,4
60016,4
60018,4
60021,4
60022,4
60025,4
60026,4
60030,4
60031,4
60033,2
60035,4
60036,1
60040,1
60041,2
60042,3
60043,3
60044,2
60045,4
60046,4
60047,4
60048,4
60050,3
60051,3
60053,4
60056,4
60057,3
60060,4
60061,4
60062,4
60064,1
60067,4
60068,4
60069,4
60070,4
60073,4
60074,4
60076,4
60077,4
60083,2
60084,2
60085,4
60088,1
60089,4
60090,4
60091,4
60093,4
60095,2
60096,1
60097,2
60098,4
60099,4
60101,4
60102,4
60103,4
60104,2
60106,4
60107,3
60108,4
60110,4
60115,4
60118,4
60120,4
60123,4
60124,4
60126,4
60130,4
60131,4
60133,4
60134,4
60135,2
60136,4
60137,4
60138,1
60139,4
60140,2
60141,2
60142,4
60143,4
60147,3
60148,4
60153,2
60154,4
60155,4
60156,4
60157,2
60160,1
60162,2
60164,4
60169,4
60171,2
60172,4
60173,4
60174,4
60175,4
60176,1
60177,4
60178,3
60181,4
60184,3
60185,4
60187,4
60188,4
60189,4
60190,4
60191,4
60192,4
60193,4
60194,4
60195,4
60196,3
60201,4
60202,4
60203,1
60204,2
60252,2
60301,1
60302,4
60303,2
60304,4
60305,4
60401,4
60402,4
60403,3
60404,2
60406,3
60408,1
60409,3
60410,3
60411,2
60415,4
60416,2
60417,2
60422,4
60423,4
60426,1
60429,4
60430,2
60432,1
60435,4
60438,3
60439,3
60440,4
60441,2
60442,1
60446,3
60447,2
60449,3
60450,4
60451,3
60452,4
60453,4
60457,3
60461,4
60462,4
60463,4
60464,3
60467,3
60473,3
60475,3
60477,4
60480,3
60482,2
60487,1
60490,3
60491,2
60502,4
60503,4
60504,4
60505,4
60506,4
60507,2
60508,1
60510,4
60514,4
60515,4
60516,4
60517,4
60521,4
60523,4
60525,4
60526,4
60527,4
60532,4
60536,1
60538,1
60540,4
60542,2
60543,4
60544,4
60545,4
60546,4
60550,1
60552,4
60554,4
60555,4
60558,4
60559,4
60560,4
60561,4
60563,4
60564,4
60565,4
60585,3
60586,4
60601,4
60602,4
60603,4
60604,4
60605,4
60606,4
60607,4
60608,4
60609,2
60610,4
60611,4
60612,4
60613,4
60614,4
60615,4
60616,4
60617,1
60618,4
60619,1
60620,3
60621,4
60622,4
60623,4
60624,4
60625,4
60626,4
60628,4
60630,4
60631,4
60632,4
60634,3
60637,4
60638,4
60640,4
60641,4
60642,4
60643,4
60644,2
60645,4
60646,4
60647,4
60649,4
60651,4
60653,3
60654,4
60655,4
60656,3
60657,4
60659,4
60660,4
60661,4
60666,4
60669,3
60670,2
60681,3
60685,3
60706,4
60707,2
60712,4
60714,4
60803,4
60805,2
60864,2
60901,2
60905,1
60910,3
60914,2
60922,1
61008,2
61010,1
61012,1
61032,3
61036,3
61040,3
61060,2
61065,2
61073,3
61078,2
61080,1
61081,1
61101,2
61103,4
61104,2
61107,4
61108,3
61111,2
61114,4
61201,1
61234,2
61252,3
61254,2
61264,1
61265,3
61270,2
61301,1
61310,3
61350,4
61354,1
61356,3
61410,1
61448,1
61489,1
61520,2
61550,4
61552,2
61554,3
61571,3
61603,3
61607,2
61611,3
61614,3
61615,3
61701,3
61704,4
61705,2
61728,2
61755,1
61760,2
61761,3
61801,4
61802,4
61817,1
61818,3
61820,3
61821,3
61822,3
61856,3
61863,2
61874,2
61911,2
61920,4
61943,2
62002,3
62010,4
62014,3
62025,2
62026,1
62056,2
62062,2
62075,1
62095,3
62201,1
62205,2
62208,3
62216,3
62220,4
62221,4
62223,1
62225,2
62226,4
62231,2
62234,2
62249,2
62254,1
62258,3
62260,3
62265,3
62269,4
62270,1
62278,1
62285,1
62301,2
62303,1
62305,2
62401,2
62411,1
62449,1
62521,3
62522,1
62526,2
62560,3
62565,1
62568,3
62606,1
62629,1
62650,1
62681,3
62684,2
62701,3
62702,4
62703,3
62704,4
62706,3
62707,3
62711,4
62712,2
62832,4
62864,1
62901,4
62903,4
62907,1
62918,3
62920,2
62926,1
62946,3
62948,2
62959,4
63005,4
63006,1
63017,3
63021,3
63028,2
63031,2
63042,3
63043,1
63044,1
63045,1
63051,1
63101,3
63102,4
63103,3
63104,4
63105,4
63108,4
63110,4
63112,4
63113,3
63114,4
63116,1
63117,1
63118,2
63119,3
63121,1
63122,4
63123,2
63125,1
63126,3
63127,1
63129,1
63130,3
63131,1
63132,3
63134,2
63135,1
63139,1
63141,4
63144,2
63145,2
63146,2
63301,2
63304,1
63366,2
63367,1
63376,1
63385,2
63565,2
63640,1
63701,2
63791,1
63801,1
63901,2
64012,2
64013,1
64014,2
64015,3
64030,3
64034,2
64046,1
64050,3
64055,3
64057,2
64061,2
64063,4
64064,1
64068,2
64078,3
64080,1
64081,3
64082,3
64083,1
64086,4
64101,2
64102,2
64105,4
64106,4
64108,4
64109,4
64110,4
64111,4
64112,4
64113,4
64114,4
64116,4
64117,4
64118,4
64119,3
64120,2
64129,3
64130,3
64131,4
64132,3
64133,4
64134,3
64137,2
64138,3
64141,2
64145,3
64147,3
64151,3
64152,4
64153,2
64154,1
64155,3
64156,3
64157,3
64158,2
64171,3
64468,3
64624,1
64625,1
64628,2
64801,2
64804,2
65084,1
65101,2
65102,3
65109,1
65110,1
65201,1
65202,1
65203,4
65233,2
65270,1
65305,1
65527,3
65557,1
65605,1
65620,1
65714,2
65802,1
65803,1
65804,1
65807,1
65808,1
65810,1
65897,1
66002,3
66006,2
66007,1
66012,3
66018,3
66027,2
66031,3
66040,3
66041,2
66044,4
66045,3
66046,4
66047,4
66048,2
66049,4
66054,2
66061,4
66062,4
66071,1
66083,3
66085,3
66101,3
66102,3
66103,4
66104,3
66106,2
66109,2
66111,2
66112,1
66160,2
66201,1
66202,4
66203,4
66204,4
66205,4
66206,4
66207,4
66208,4
66209,4
66210,4
66211,4
66212,4
66213,4
66214,4
66215,4
66216,4
66217,2
66219,4
66220,4
66221,4
66223,4
66224,4
66226,4
66227,1
66251,2
66285,1
66402,2
66423,1
66424,2
66502,3
66503,1
66506,3
66536,1
66542,1
66601,3
66603,4
66604,4
66605,3
66606,3
66607,1
66608,2
66609,1
66610,3
66611,2
66612,4
66614,3
66615,2
66617,1
66618,3
66619,1
66621,2
66754,1
66801,2
67001,2
67002,2
67026,1
67031,2
67037,1
67060,1
67062,1
67133,1
67135,1
67202,3
67203,2
67204,2
67206,2
67207,3
67208,2
67211,1
67212,2
67214,4
67217,1
67219,2
67220,2
67226,2
67230,1
67235,1
67301,1
67439,1
67460,2
67501,2
67502,1
67601,3
67638,1
67801,2
67839,1
67846,1
67871,2
67880,3
68005,1
68022,2
68025,2
68046,2
68102,2
68114,3
68116,1
68118,3
68126,1
68128,2
68130,1
68131,3
68133,1
68135,1
68136,1
68142,1
68144,1
68161,1
68197,2
68506,2
68508,1
68516,1
68776,2
68802,1
68803,2
68901,1
69002,1
69129,1
69138,1
69301,1
70001,2
70002,3
70003,4
70005,4
70006,1
70009,3
70036,1
70037,2
70043,3
70047,1
70055,1
70056,1
70067,1
70068,1
70094,2
70112,4
70113,3
70114,1
70115,4
70116,4
70117,4
70118,4
70119,4
70122,4
70123,3
70124,3
70125,4
70127,3
70130,4
70131,3
70139,1
70148,1
70172,3
70178,2
70187,1
70191,2
70310,2
70345,1
70353,1
70357,1
70361,2
70380,1
70403,1
70427,1
70433,3
70434,2
70435,1
70448,1
70450,1
70458,2
70461,2
70471,1
70501,2
70504,1
70505,1
70506,1
70507,1
70508,1
70520,2
70560,1
70565,2
70570,2
70583,1
70601,3
70602,1
70607,1
70615,2
70629,1
70633,1
70663,1
70669,1
70704,2
70723,2
70737,2
70791,2
70801,1
70802,3
70803,3
70804,2
70806,4
70807,2
70808,4
70809,3
70810,3
70815,1
70816,2
70817,2
70820,1
70821,1
70898,2
70930,1
71040,1
71082,1
71101,1
71104,1
71105,1
71115,2
71119,1
71134,2
71203,1
71261,1
71291,2
71294,1
71303,2
71360,1
71457,2
71601,1
71753,1
71902,2
71913,2
72002,2
72019,1
72031,2
72032,3
72034,3
72035,2
72110,2
72114,1
72116,1
72120,1
72149,2
72201,4
72202,4
72203,2
72205,4
72206,3
72207,3
72209,1
72211,3
72216,1
72223,3
72227,1
72342,1
72364,2
72370,1
72450,1
72634,1
72645,1
72653,1
72701,4
72703,1
72734,1
72756,1
72762,1
72937,1
73001,1
73013,2
73034,2
73069,3
73071,3
73099,1
73102,3
73103,1
73104,3
73105,2
73106,1
73107,1
73118,2
73154,1
73160,1
73501,1
73737,1
73747,1
73890,1
74007,1
74012,3
74016,2
74025,1
74077,1
74078,1
74110,2
74133,1
74137,1
74140,2
74157,1
74244,2
74434,1
74578,1
75001,4
75002,3
75004,1
75006,3
75007,2
75008,1
75009,4
75010,2
75013,3
75017,1
75019,1
75023,3
75024,4
75025,3
75028,2
75034,3
75035,3
75038,1
75039,4
75042,1
75043,1
75044,2
75048,1
75054,1
75056,4
75061,1
75062,1
75063,3
75067,3
75069,3
75070,3
75071,2
75074,3
75075,3
75077,1
75080,4
75081,4
75082,4
75086,1
75087,1
75093,4
75098,2
75126,1
75150,1
75154,3
75156,1
75201,4
75202,4
75203,2
75204,4
75205,4
75206,4
75208,3
75209,4
75214,4
75215,3
75217,4
75218,3
75219,4
75220,3
75223,1
75225,4
75226,1
75227,1
75229,4
75230,4
75231,4
75232,1
75233,1
75234,1
75235,3
75238,3
75240,4
75243,4
75244,3
75246,1
75247,3
75248,4
75252,4
75254,4
75262,1
75266,1
75270,2
75275,1
75287,3
75360,1
75372,1
75407,1
75408,1
75409,1
75482,1
75492,1
75501,1
75645,1
75701,1
75702,1
75707,1
75711,2
75762,1
75862,1
75901,1
75948,1
75972,1
76001,2
76010,3
76015,2
76021,3
76028,1
76034,3
76049,1
76051,4
76053,4
76063,2
76092,3
76102,3
76103,2
76107,1
76109,2
76110,2
76116,2
76121,1
76126,2
76129,1
76132,2
76155,2
76164,2
76179,2
76201,3
76208,1
76226,3
76244,1
76248,1
76306,1
76310,1
76502,1
76537,1
76543,1
76574,2
76634,2
76642,1
76643,2
76701,1
76904,2
77002,3
77004,2
77005,4
77006,3
77007,4
77008,4
77010,3
77018,4
77019,4
77021,1
77022,1
77023,2
77024,4
77025,4
77027,4
77029,3
77030,4
77032,4
77034,2
77035,3
77036,1
77040,2
77042,3
77043,2
77045,1
77046,4
77047,1
77054,4
77055,4
77056,4
77057,4
77058,3
77059,1
77060,3
77061,1
77062,1
77063,2
77064,1
77065,1
77069,2
77070,2
77071,2
77073,3
77074,2
77077,4
77079,4
77080,2
77081,2
77082,1
77084,3
77087,1
77089,2
77091,1
77092,2
77094,3
77095,3
77096,4
77098,4
77280,1
77301,1
77328,1
77338,2
77345,3
77346,2
77354,1
77362,1
77375,1
77377,1
77379,2
77382,2
77386,1
77388,1
77401,4
77407,2
77418,1
77423,1
77433,1
77441,2
77449,3
77450,4
77471,1
77474,1
77477,1
77478,2
77479,3
77487,2
77494,4
77498,1
77505,2
77511,1
77536,1
77546,2
77554,2
77571,2
77573,2
77578,2
77583,1
77584,3
77586,2
77591,2
77630,1
77701,1
77706,1
77802,2
77809,1
77840,1
77843,1
77845,1
77901,1
77904,1
78003,1
78028,3
78039,1
78069,1
78108,2
78130,2
78132,2
78133,1
78148,3
78154,1
78205,2
78207,2
78209,3
78210,1
78212,2
78223,1
78228,1
78229,3
78230,3
78231,1
78232,1
78233,2
78238,1
78239,1
78244,2
78258,1
78260,1
78269,1
78296,2
78332,4
78335,1
78358,1
78382,3
78411,1
78414,1
78427,3
78504,1
78516,1
78526,1
78533,2
78570,1
78572,2
78574,1
78611,4
78613,3
78626,2
78628,2
78633,1
78640,2
78641,1
78642,1
78645,2
78660,2
78664,2
78665,1
78666,2
78681,2
78701,4
78702,2
78703,4
78704,4
78705,4
78711,2
78712,1
78717,2
78721,3
78722,1
78723,3
78726,1
78727,1
78728,2
78729,3
78730,3
78731,2
78732,1
78733,1
78734,3
78735,1
78736,1
78738,3
78739,2
78741,3
78744,1
78745,2
78746,4
78748,2
78749,3
78750,1
78751,3
78754,1
78756,1
78757,3
78758,1
78759,4
78767,2
78768,1
78933,1
78957,1
79105,2
79230,1
79400,1
79407,2
79602,1
79701,1
79761,1
79842,1
79901,1
79902,1
79904,1
79907,2
79912,3
79930,1
79932,1
79935,2
80002,3
80003,1
80004,2
80005,3
80007,3
80010,3
80011,4
80012,4
80013,4
80014,4
80015,4
80016,4
80017,3
80018,4
80020,3
80021,3
80022,4
80023,1
80026,2
80027,3
80030,3
80031,2
80033,2
80034,2
80045,4
80046,1
80104,3
80107,1
80108,3
80109,2
80110,3
80111,4
80112,4
80113,2
80114,1
80120,4
80121,4
80122,4
80123,4
80124,4
80125,3
80126,4
80127,3
80128,4
80129,4
80130,4
80132,3
80134,3
80135,1
80138,2
80160,1
80201,1
80202,4
80203,4
80204,3
80205,2
80206,4
80207,3
80209,4
80210,4
80211,4
80212,4
80214,2
80215,2
80216,4
80217,1
80218,4
80219,2
80220,4
80222,4
80223,4
80224,4
80226,3
80227,2
80228,2
80230,4
80231,4
80232,2
80233,1
80234,2
80235,1
80236,3
80237,4
80238,4
80239,3
80241,2
80246,4
80247,4
80249,2
80260,1
80264,2
80301,4
80302,4
80303,4
80304,4
80305,4
80306,1
80333,1
80401,4
80402,2
80403,1
80424,3
80432,1
80433,3
80435,1
80439,3
80442,3
80443,1
80446,1
80454,1
80467,1
80469,1
80470,4
80477,3
80498,2
80501,1
80503,3
80504,3
80510,2
80516,2
80517,2
80521,2
80524,3
80525,4
80526,2
80530,1
80532,3
80535,1
80537,3
80538,3
80540,2
80550,4
80601,2
80602,2
80603,1
80631,3
80634,1
80638,1
80723,2
80807,1
80814,2
80829,3
80831,1
80903,2
80904,2
80906,3
80907,1
80910,2
80912,4
80916,2
80917,1
80918,2
80919,1
80920,3
80921,2
80923,2
80924,2
80925,1
80927,1
80939,2
80962,1
81003,1
81005,4
81007,1
81147,1
81212,3
81301,4
81303,2
81432,1
81503,1
81611,3
81612,1
81615,3
81620,2
81621,2
81657,3
81677,2
82072,1
82325,1
82414,3
82520,2
82560,1
82601,1
82834,1
82838,2
82942,2
83001,3
83002,2
83013,1
83221,1
83333,2
83402,1
83605,1
83616,1
83646,1
83686,1
83702,1
83704,1
83709,2
83712,1
83814,2
83843,1
83844,1
83854,2
83864,2
84003,2
84004,2
84010,1
84015,2
84017,1
84020,2
84025,1
84028,2
84032,4
84033,2
84042,1
84043,1
84047,1
84049,2
84055,3
84057,2
84058,1
84060,3
84065,4
84068,1
84070,2
84075,1
84078,1
84084,3
84088,3
84089,1
84092,3
84093,2
84095,2
84096,4
84097,3
84098,2
84101,4
84102,4
84103,4
84104,2
84105,4
84106,4
84107,4
84108,3
84109,4
84110,1
84111,4
84112,2
84114,1
84115,4
84116,3
84117,3
84119,3
84121,3
84123,1
84124,4
84135,3
84152,2
84230,2
84317,1
84321,3
84332,1
84337,1
84401,2
84526,1
84532,2
84539,2
84601,1
84604,3
84660,1
84663,1
84712,1
84720,1
84737,2
84764,2
84770,2
84775,1
84780,2
84790,1
84941,1
85004,3
85008,2
85012,4
85013,4
85016,4
85018,1
85020,3
85021,2
85023,1
85024,3
85027,2
85029,1
85034,1
85036,1
85040,2
85041,1
85042,1
85048,2
85053,2
85082,2
85086,1
85118,2
85120,1
85123,1
85139,3
85141,1
85142,1
85201,1
85202,3
85203,3
85204,2
85206,2
85212,2
85213,1
85215,2
85218,1
85224,3
85225,1
85226,2
85233,1
85248,3
85249,1
85250,3
85251,3
85253,4
85254,3
85255,3
85258,3
85259,4
85260,2
85262,1
85266,2
85268,1
85281,2
85282,3
85286,1
85295,1
85296,1
85302,1
85306,3
85307,2
85310,2
85326,3
85331,1
85338,1
85340,3
85345,4
85353,1
85365,1
85373,3
85374,1
85377,1
85382,1
85387,1
85388,1
85392,1
85502,1
85604,1
85609,1
85614,3
85630,1
85641,3
85701,1
85702,1
85704,3
85705,2
85710,4
85711,2
85712,3
85713,2
85715,1
85716,2
85718,4
85719,4
85721,1
85730,1
85737,3
85741,1
85745,1
85748,2
85749,3
85750,2
85755,1
85774,2
85777,2
85929,2
85938,2
86001,3
86002,1
86004,1
86040,2
86301,2
86303,1
86401,3
86406,2
86442,1
87002,3
87006,1
87013,1
87023,2
87024,2
87031,3
87035,1
87036,1
87059,2
87102,4
87104,2
87105,3
87106,4
87107,4
87108,4
87109,4
87110,4
87111,4
87112,4
87113,1
87114,3
87120,3
87121,1
87122,3
87123,2
87124,4
87125,1
87144,3
87196,2
87301,4
87305,2
87311,2
87327,2
87375,2
87402,1
87501,4
87502,1
87505,4
87506,1
87507,1
87508,4
87544,2
87557,1
87567,1
87571,3
87594,1
87710,1
87801,1
87830,1
88001,4
88003,3
88004,1
88005,4
88007,2
88011,4
88023,2
88044,1
88046,1
88048,3
88101,2
88260,1
88310,1
88312,1
88501,2
89002,3
89012,2
89014,3
89015,3
89030,1
89031,3
89032,2
89036,1
89048,1
89052,3
89053,2
89074,4
89081,2
89084,2
89101,4
89102,4
89103,4
89104,4
89106,3
89107,3
89108,3
89109,4
89110,4
89113,4
89115,3
89117,4
89118,4
89119,4
89120,4
89121,4
89122,1
89123,4
89124,1
89128,4
89129,4
89130,4
89134,3
89135,4
89136,2
89137,1
89139,4
89141,4
89142,3
89143,1
89144,2
89145,4
89146,4
89147,3
89148,4
89149,4
89154,1
89166,2
89169,4
89178,2
89179,2
89183,3
89193,1
89213,3
89406,2
89410,2
89423,2
89429,1
89431,3
89432,2
89433,2
89434,4
89436,4
89441,1
89445,1
89448,4
89449,2
89451,3
89460,2
89501,3
89502,4
89503,4
89504,2
89506,4
89508,2
89509,4
89510,4
89511,4
89512,4
89521,4
89523,4
89533,1
89570,2
89701,4
89703,1
89705,1
89706,4
89822,2
90002,3
90004,4
90005,2
90006,3
90007,4
90008,4
90010,4
90011,1
90012,4
90013,4
90014,3
90015,4
90016,3
90017,4
90018,2
90019,4
90020,3
90021,4
90022,4
90023,1
90024,4
90025,4
90026,4
90027,4
90028,4
90029,4
90031,1
90032,3
90033,1
90034,4
90035,4
90036,4
90037,2
90038,4
90039,4
90040,3
90041,4
90042,4
90043,4
90045,4
90046,4
90048,4
90049,4
90056,4
90057,3
90058,3
90062,2
90063,2
90064,4
90065,4
90066,4
90067,4
90068,4
90069,4
90071,4
90077,3
90078,2
90094,4
90095,1
90116,1
90191,2
90209,1
90210,4
90211,4
90212,4
90221,2
90230,4
90231,1
90232,4
90237,1
90240,1
90245,4
90247,1
90250,4
90254,4
90260,1
90265,4
90266,4
90272,4
90274,3
90275,3
90277,4
90278,4
90290,3
90291,4
90292,4
90293,3
90294,2
90301,2
90302,2
90305,2
90307,2
90401,4
90402,4
90403,4
90404,4
90405,4
90501,3
90503,4
90505,4
90559,1
90604,1
90608,1
90620,1
90623,1
90631,2
90650,1
90660,1
90670,2
90682,3
90703,1
90706,2
90710,1
90720,4
90723,1
90725,1
90731,4
90732,3
90740,1
90742,1
90746,3
90755,2
90802,4
90803,3
90804,3
90805,2
90806,3
90807,4
90808,2
90813,4
90814,1
90815,3
90925,2
91001,4
91010,1
91011,4
91016,4
91024,3
91025,2
91030,4
91040,3
91042,1
91046,1
91101,4
91103,4
91104,4
91105,4
91106,4
91107,4
91108,3
91109,4
91182,1
91201,3
91202,2
91203,4
91204,4
91205,3
91206,4
91207,3
91208,2
91214,3
91301,3
91302,4
91303,3
91304,3
91306,1
91307,3
91311,3
91316,4
91320,4
91321,4
91324,4
91325,4
91326,4
91331,3
91335,4
91342,2
91343,2
91344,3
91345,1
91350,4
91351,3
91352,2
91354,4
91355,4
91356,4
91360,3
91361,4
91362,4
91364,4
91367,4
91377,2
91381,4
91384,4
91387,4
91390,4
91401,4
91402,2
91403,4
91405,3
91406,4
91411,4
91423,4
91426,2
91436,4
91481,1
91501,4
91502,3
91504,4
91505,4
91506,4
91521,3
91522,4
91601,4
91602,4
91603,2
91604,4
91605,2
91606,4
91607,4
91608,3
91616,2
91694,2
91701,2
91702,3
91706,3
91708,1
91709,1
91710,3
91711,4
91730,3
91731,3
91737,2
91739,2
91740,3
91741,3
91744,1
91746,2
91750,1
91754,2
91761,1
91764,3
91766,2
91767,2
91768,2
91773,2
91775,4
91784,3
91786,2
91789,1
91790,3
91791,3
91792,2
91801,2
91803,2
91901,1
91902,1
91910,3
91913,2
91914,2
91915,3
91932,3
91941,2
91942,1
91977,3
92003,3
92007,4
92008,4
92009,4
92010,4
92011,4
92013,2
92014,4
92019,3
92020,3
92021,1
92024,4
92025,2
92026,1
92028,2
92029,3
92030,1
92037,4
92040,1
92054,4
92056,4
92057,4
92058,4
92064,4
92065,2
92067,4
92068,1
92071,2
92075,4
92078,3
92081,4
92083,4
92084,4
92091,2
92092,3
92100,2
92101,4
92103,3
92104,3
92105,1
92106,2
92107,3
92108,3
92109,4
92110,3
92111,3
92112,1
92113,2
92114,1
92115,3
92116,3
92117,1
92118,2
92119,1
92120,2
92121,4
92122,3
92123,2
92126,3
92127,3
92128,3
92129,4
92130,4
92131,3
92138,1
92142,1
92154,3
92173,1
92182,1
92200,1
92203,1
92211,3
92240,2
92242,1
92243,3
92248,1
92252,1
92253,4
92262,3
92263,2
92264,3
92267,1
92270,1
92301,1
92305,2
92307,2
92308,1
92313,1
92316,2
92336,2
92345,2
92346,1
92373,2
92374,3
92375,1
92382,1
92392,1
92395,3
92407,2
92408,1
92503,3
92504,4
92506,4
92507,3
92530,2
92543,1
92557,2
92562,2
92570,2
92571,2
92585,3
92586,1
92591,2
92592,1
92595,2
92596,1
92602,4
92603,3
92604,4
92606,3
92610,3
92612,4
92614,4
92617,4
92618,4
92620,4
92624,4
92625,4
92626,4
92627,4
92629,4
92630,4
92637,4
92646,3
92647,3
92648,4
92649,4
92651,4
92653,4
92656,4
92657,3
92658,3
92660,4
92661,1
92662,2
92663,4
92672,4
92673,4
92675,4
92676,3
92677,4
92679,4
92683,4
92688,4
92690,1
92691,4
92692,4
92694,4
92701,3
92704,3
92705,4
92706,3
92707,3
92708,3
92714,1
92780,4
92781,1
92782,2
92801,4
92802,4
92804,2
92805,4
92807,4
92808,2
92831,1
92832,2
92833,1
92835,2
92840,3
92860,1
92861,3
92866,3
92867,3
92868,4
92869,4
92870,3
92879,2
92880,3
92882,1
93001,3
93003,3
93010,3
93012,3
93013,1
93023,2
93030,2
93041,1
93060,2
93062,1
93063,4
93065,4
93101,4
93103,4
93105,3
93106,2
93108,3
93109,1
93110,3
93111,3
93117,2
93130,2
93183,1
93202,2
93212,3
93230,4
93241,2
93245,4
93263,1
93274,2
93277,2
93279,1
93291,3
93292,3
93301,4
93304,1
93305,2
93306,1
93309,2
93312,1
93314,1
93401,3
93402,2
93420,2
93433,1
93442,1
93444,2
93446,1
93447,2
93449,1
93460,2
93463,1
93510,3
93513,1
93514,3
93532,3
93534,2
93535,4
93544,2
93550,2
93551,4
93555,4
93560,2
93561,1
93612,2
93614,1
93619,1
93631,4
93636,1
93637,1
93657,1
93662,3
93702,1
93704,2
93705,4
93706,1
93710,4
93715,2
93720,2
93721,2
93722,2
93725,1
93726,3
93727,2
93728,2
93901,2
93908,4
93923,2
93924,1
93940,3
93950,3
93953,1
93955,1
94002,4
94005,2
94010,4
94015,2
94019,2
94022,3
94024,2
94025,4
94027,3
94028,2
94030,3
94037,1
94039,1
94040,4
94041,4
94043,3
94044,2
94045,1
94060,1
94061,4
94062,4
94063,4
94064,1
94065,4
94066,3
94070,4
94080,4
94085,4
94086,2
94087,4
94089,3
94093,4
94102,4
94103,4
94104,4
94105,4
94107,4
94108,4
94109,4
94110,4
94111,4
94112,4
94114,4
94115,4
94116,3
94117,4
94118,4
94119,1
94120,4
94121,4
94122,4
94123,4
94124,4
94127,4
94128,2
94129,4
94130,1
94131,4
94132,3
94133,4
94134,2
94143,3
94144,2
94151,1
94158,4
94162,3
94164,2
94172,2
94249,2
94301,4
94303,2
94304,4
94305,3
94306,3
94321,1
94354,2
94401,4
94402,4
94403,4
94404,4
94501,4
94502,3
94503,2
94506,3
94507,3
94508,1
94509,2
94510,3
94513,2
94517,2
94519,2
94520,4
94521,1
94523,3
94524,1
94526,4
94530,4
94531,3
94533,3
94534,3
94536,1
94538,3
94539,3
94541,1
94544,2
94545,3
94546,1
94547,2
94549,3
94550,4
94551,3
94553,2
94556,3
94558,4
94559,4
94560,3
94561,3
94562,1
94563,4
94564,1
94565,1
94566,4
94568,4
94570,1
94573,4
94574,4
94576,3
94577,4
94578,2
94579,2
94580,1
94582,3
94583,2
94587,3
94588,4
94590,2
94591,2
94595,1
94596,4
94597,3
94598,2
94599,1
94601,2
94602,3
94605,3
94606,4
94607,4
94608,4
94609,4
94610,4
94611,4
94612,4
94618,4
94621,4
94702,3
94703,4
94704,4
94705,4
94706,2
94707,3
94708,4
94709,3
94710,4
94712,1
94720,2
94801,3
94803,2
94804,3
94805,2
94806,2
94901,4
94903,4
94904,4
94912,1
94920,4
94924,1
94925,3
94928,3
94929,1
94930,3
94931,1
94939,3
94941,4
94945,2
94946,1
94947,3
94948,1
94949,4
94950,2
94952,4
94954,3
94956,2
94960,3
94965,3
94972,1
94976,1
95003,1
95008,4
95014,4
95024,1
95030,3
95032,3
95033,3
95035,3
95037,2
95050,2
95051,3
95054,4
95060,3
95062,2
95065,2
95070,2
95073,1
95076,3
95077,1
95108,1
95110,4
95111,2
95112,4
95113,4
95116,2
95117,2
95118,3
95119,2
95120,2
95123,1
95124,4
95125,4
95126,4
95128,4
95129,1
95131,3
95134,4
95135,1
95136,1
95148,1
95150,1
95202,1
95204,1
95206,1
95209,1
95215,2
95219,1
95220,1
95240,2
95242,2
95246,1
95301,2
95303,2
95307,4
95316,2
95320,3
95321,1
95323,1
95324,1
95326,2
95330,1
95334,1
95336,3
95337,1
95340,1
95343,1
95346,1
95348,1
95350,4
95351,3
95353,3
95354,4
95355,4
95356,4
95357,3
95358,4
95361,4
95362,1
95363,2
95367,3
95370,4
95372,2
95375,1
95376,2
95377,1
95380,4
95382,4
95386,2
95396,1
95402,1
95403,3
95404,2
95405,2
95407,2
95409,1
95410,2
95421,1
95439,2
95442,2
95446,1
95448,4
95452,2
95455,3
95460,1
95461,1
95465,2
95469,2
95472,4
95476,4
95492,2
95501,3
95518,1
95519,4
95561,1
95603,2
95608,3
95610,1
95616,4
95618,3
95619,1
95628,3
95630,3
95641,1
95648,1
95650,1
95652,1
95655,1
95658,2
95661,3
95662,1
95665,2
95670,4
95673,1
95677,4
95678,3
95680,1
95683,1
95687,1
95688,1
95691,2
95693,1
95695,1
95696,2
95742,1
95747,2
95757,1
95758,3
95762,3
95765,3
95776,2
95811,3
95812,3
95814,4
95815,2
95816,4
95818,4
95819,3
95820,2
95821,1
95822,3
95823,2
95824,3
95825,4
95826,4
95827,2
95828,2
95829,1
95831,1
95832,1
95833,2
95834,4
95835,4
95838,1
95864,1
95865,1
95901,1
95927,1
95928,2
95937,1
95938,1
95961,4
96002,1
96003,2
96007,1
96059,2
96126,2
96141,2
96143,2
96145,3
96148,2
96150,1
96158,1
96160,4
96161,4
96162,4
96267,1
96306,1
96367,1
96708,2
96720,3
96722,1
96727,1
96734,2
96740,1
96741,1
96745,2
96746,1
96749,1
96753,1
96772,2
96778,4
96813,2
96815,2
96816,4
96817,1
96818,2
96821,3
96822,2
96825,2
97005,3
97006,3
97007,4
97008,4
97013,1
97014,1
97015,2
97019,2
97030,1
97031,1
97034,3
97035,3
97045,1
97051,2
97055,2
97056,1
97060,1
97062,1
97064,1
97070,4
97071,1
97086,2
97113,1
97115,3
97123,1
97124,2
97132,3
97133,1
97140,2
97147,1
97201,3
97202,4
97203,3
97204,3
97205,4
97206,4
97209,4
97210,2
97211,4
97212,3
97213,4
97214,4
97215,4
97217,4
97218,2
97219,2
97220,1
97221,3
97222,3
97223,1
97225,2
97227,2
97229,3
97230,2
97232,4
97236,1
97239,3
97266,1
97267,3
97293,1
97302,2
97304,2
97330,2
97333,2
97365,1
97367,1
97386,2
97402,1
97403,3
97405,3
97415,1
97420,3
97431,2
97466,1
97467,1
97471,1
97477,2
97478,2
97487,1
97491,1
97495,2
97501,1
97520,3
97701,2
97702,4
97703,3
97759,1
98001,1
98003,2
98004,4
98005,3
98006,3
98007,1
98008,4
98012,2
98020,2
98021,1
98026,1
98027,4
98031,4
98033,3
98034,2
98036,2
98038,2
98040,4
98042,1
98045,1
98052,4
98055,2
98056,2
98057,1
98058,2
98059,1
98070,2
98072,1
98074,4
98077,3
98088,2
98093,1
98101,3
98102,4
98103,3
98104,4
98105,2
98106,1
98107,4
98108,2
98109,3
98110,3
98112,2
98115,4
98116,3
98117,2
98118,2
98119,3
98121,4
98122,4
98125,3
98126,1
98133,2
98136,3
98144,2
98146,2
98155,2
98166,3
98168,3
98177,1
98178,1
98194,1
98198,2
98199,2
98201,2
98204,1
98208,1
98221,2
98225,3
98226,2
98227,1
98230,2
98247,1
98249,1
98250,3
98252,1
98264,1
98270,3
98272,2
98275,1
98291,1
98296,1
98329,3
98332,1
98335,2
98345,1
98362,1
98366,2
98367,1
98368,3
98370,2
98380,1
98391,1
98402,1
98404,1
98406,1
98409,1
98444,3
98446,3
98501,1
98502,2
98512,1
98516,1
98541,1
98607,2
98642,2
98660,1
98661,2
98663,1
98665,3
98671,1
98674,4
98682,1
98683,2
98685,1
98686,1
98823,2
98826,1
98834,2
98837,2
98876,2
99005,1
99021,2
99037,1
99114,3
99122,1
99163,1
99201,2
99202,2
99203,4
99206,3
99207,1
99208,2
99209,1
99218,2
99223,2
99362,3
99501,1
99511,1
99516,1
99577,3
99615,2
99645,1
99687,1
99701,1
99801,4
99835,1
99841,1
99999,2
207852269,1
223114858,1
482074200,1
483743642,1
